-- MySQL dump 10.13  Distrib 5.7.28, for Win64 (x86_64)
--
-- Host: localhost    Database: finstatdevel
-- ------------------------------------------------------
-- Server version	5.7.28-log

/*!40101 SET @OLD_CHARACTER_SET_CLIENT=@@CHARACTER_SET_CLIENT */;
/*!40101 SET @OLD_CHARACTER_SET_RESULTS=@@CHARACTER_SET_RESULTS */;
/*!40101 SET @OLD_COLLATION_CONNECTION=@@COLLATION_CONNECTION */;
/*!40101 SET NAMES utf8 */;
/*!40103 SET @OLD_TIME_ZONE=@@TIME_ZONE */;
/*!40103 SET TIME_ZONE='+00:00' */;
/*!40014 SET @OLD_UNIQUE_CHECKS=@@UNIQUE_CHECKS, UNIQUE_CHECKS=0 */;
/*!40014 SET @OLD_FOREIGN_KEY_CHECKS=@@FOREIGN_KEY_CHECKS, FOREIGN_KEY_CHECKS=0 */;
/*!40101 SET @OLD_SQL_MODE=@@SQL_MODE, SQL_MODE='NO_AUTO_VALUE_ON_ZERO' */;
/*!40111 SET @OLD_SQL_NOTES=@@SQL_NOTES, SQL_NOTES=0 */;

--
-- Table structure for table `finstat`
--

DROP TABLE IF EXISTS `finstat`;
/*!40101 SET @saved_cs_client     = @@character_set_client */;
/*!40101 SET character_set_client = utf8 */;
CREATE TABLE `finstat` (
  `id_finstat` int(11) NOT NULL AUTO_INCREMENT,
  `id_finstat_subject` int(11) DEFAULT NULL,
  `id_finstat_year_portion` int(11) NOT NULL,
  `okpo` varchar(8) NOT NULL,
  `okopf` varchar(5) NOT NULL,
  `okfs` varchar(2) NOT NULL,
  `okved` varchar(8) NOT NULL,
  `f1110` bigint(20) NOT NULL,
  `f1120` bigint(20) NOT NULL,
  `f1130` bigint(20) NOT NULL,
  `f1140` bigint(20) NOT NULL,
  `f1150` bigint(20) NOT NULL,
  `f1160` bigint(20) NOT NULL,
  `f1170` bigint(20) NOT NULL,
  `f1180` bigint(20) NOT NULL,
  `f1190` bigint(20) NOT NULL,
  `f1100` bigint(20) NOT NULL,
  `f1210` bigint(20) NOT NULL,
  `f1220` bigint(20) NOT NULL,
  `f1230` bigint(20) NOT NULL,
  `f1240` bigint(20) NOT NULL,
  `f1250` bigint(20) NOT NULL,
  `f1260` bigint(20) NOT NULL,
  `f1200` bigint(20) NOT NULL,
  `f1600` bigint(20) NOT NULL,
  `f1310` bigint(20) NOT NULL,
  `f1320` bigint(20) NOT NULL,
  `f1340` bigint(20) NOT NULL,
  `f1350` bigint(20) NOT NULL,
  `f1360` bigint(20) NOT NULL,
  `f1370` bigint(20) NOT NULL,
  `f1300` bigint(20) NOT NULL,
  `f1410` bigint(20) NOT NULL,
  `f1420` bigint(20) NOT NULL,
  `f1430` bigint(20) NOT NULL,
  `f1450` bigint(20) NOT NULL,
  `f1400` bigint(20) NOT NULL,
  `f1510` bigint(20) NOT NULL,
  `f1520` bigint(20) NOT NULL,
  `f1530` bigint(20) NOT NULL,
  `f1540` bigint(20) NOT NULL,
  `f1550` bigint(20) NOT NULL,
  `f1500` bigint(20) NOT NULL,
  `f1700` bigint(20) NOT NULL,
  `f2110` bigint(20) NOT NULL,
  `f2120` bigint(20) NOT NULL,
  `f2100` bigint(20) NOT NULL,
  `f2210` bigint(20) NOT NULL,
  `f2220` bigint(20) NOT NULL,
  `f2200` bigint(20) NOT NULL,
  `f2310` bigint(20) NOT NULL,
  `f2320` bigint(20) NOT NULL,
  `f2330` bigint(20) NOT NULL,
  `f2340` bigint(20) NOT NULL,
  `f2350` bigint(20) NOT NULL,
  `f2300` bigint(20) NOT NULL,
  `f2410` bigint(20) NOT NULL,
  `f2421` bigint(20) NOT NULL,
  `f2430` bigint(20) NOT NULL,
  `f2450` bigint(20) NOT NULL,
  `f2460` bigint(20) NOT NULL,
  `f2400` bigint(20) NOT NULL,
  `f2510` bigint(20) NOT NULL,
  `f2520` bigint(20) NOT NULL,
  `f2500` bigint(20) NOT NULL,
  PRIMARY KEY (`id_finstat`),
  UNIQUE KEY `by_subject_year_portion` (`id_finstat_subject`,`id_finstat_year_portion`),
  KEY `by_finstat_subject` (`id_finstat_subject`),
  KEY `by_finstat_year_portion` (`id_finstat_year_portion`)
) ENGINE=MyISAM AUTO_INCREMENT=301 DEFAULT CHARSET=utf8;
/*!40101 SET character_set_client = @saved_cs_client */;

--
-- Dumping data for table `finstat`
--

LOCK TABLES `finstat` WRITE;
/*!40000 ALTER TABLE `finstat` DISABLE KEYS */;
set autocommit=0;
INSERT INTO `finstat` VALUES (1,1,1,'00005279','12300','16','62.09',0,0,0,0,0,0,0,0,0,0,184000,0,21000,0,32000,0,237000,238000,0,0,0,0,0,0,-25000,0,0,0,0,0,0,263000,0,0,0,263000,238000,0,14000,-14000,0,0,-14000,0,0,0,4000,25000,-35000,0,0,0,0,0,-35000,0,0,0),(2,2,1,'00005285','12300','16','46.17',0,0,0,0,0,0,0,0,0,0,6069000,0,1968000,0,539000,0,8576000,8576000,0,0,0,0,0,0,-4389000,0,0,0,0,0,3500000,9465000,0,0,0,12965000,8576000,43229000,45977000,-2748000,0,0,-2748000,0,0,0,0,77000,-2825000,1574000,0,0,0,0,-4399000,0,0,0),(3,3,1,'00005304','12300','16','47.30.11',0,0,0,0,0,0,0,0,0,0,0,0,38000,0,23915000,0,23953000,23953000,10000,0,0,0,0,195000,205000,0,0,0,0,0,0,23748000,0,0,0,23748000,23953000,4470000,0,4470000,0,2168000,2302000,0,0,0,0,2058000,244000,0,0,0,0,49000,195000,0,0,195000),(4,4,1,'00005351','12300','16','41.20',0,0,0,0,42448000,0,0,795000,0,43243000,20533000,9709000,43307000,0,53000,2000,73605000,116848000,10000,0,0,0,0,-3179000,-3169000,97339000,0,0,0,97339000,2035000,20643000,0,0,0,22678000,116848000,1094000,1188000,-94000,0,1805000,-1899000,0,0,2035000,0,39000,-3973000,0,0,0,795000,0,-3178000,0,0,-3178000),(5,5,1,'00005368','12300','16','52.29',0,0,0,0,0,0,0,0,0,0,0,0,11000,0,1000,0,12000,12000,10000,0,0,0,0,2000,12000,0,0,0,0,0,0,0,0,0,0,0,12000,3158000,3140000,18000,0,0,18000,0,0,0,0,16000,2000,0,0,0,0,0,2000,0,0,2000),(6,6,1,'00005434','12300','16','32.40',0,0,0,0,0,0,0,0,0,0,1196000,0,3126000,0,20000,0,4342000,4342000,0,0,0,0,0,0,3939000,0,0,0,0,0,0,404000,0,0,0,404000,4342000,2951000,358000,2593000,0,0,2593000,0,0,0,1377000,30000,3940000,1000,0,0,0,0,3939000,0,0,0),(7,7,1,'00006497','12300','16','46.47',0,0,0,0,0,0,0,0,0,0,266000,0,479000,0,0,0,745000,745000,0,0,0,0,0,0,193000,0,0,0,0,0,552000,0,0,0,0,552000,745000,519000,0,519000,0,0,519000,0,0,284000,0,21000,214000,31000,0,0,0,0,183000,0,0,0),(8,8,1,'00006586','12300','16','45.32',0,0,0,0,0,0,0,0,0,0,0,0,1415000,0,203000,0,1618000,1618000,0,0,0,0,0,0,46000,0,0,0,0,0,0,1572000,0,0,0,1572000,1618000,2207000,2154000,53000,0,0,53000,0,0,0,0,8000,45000,9000,0,0,0,0,36000,0,0,0),(9,9,1,'00006623','12300','16','42.91.4',0,0,0,0,0,0,0,0,0,0,0,0,0,0,0,0,0,0,0,0,0,0,0,0,0,0,0,0,0,0,0,0,0,0,0,0,0,0,0,0,0,0,0,0,0,0,0,0,0,0,0,0,0,0,0,0,0,0),(10,10,1,'00007485','12300','16','62.0',0,0,0,0,0,0,0,0,0,0,61000,0,416000,0,287000,0,764000,764000,0,0,0,0,0,0,696000,0,0,0,0,0,0,68000,0,0,0,68000,764000,2323000,1554000,769000,0,0,769000,0,0,0,3000,14000,758000,72000,0,0,0,0,686000,0,0,0),(11,11,1,'00008220','12300','16','64.92.6',0,0,0,0,0,0,0,0,0,0,19000,0,27000,0,0,0,46000,46000,0,0,0,0,0,0,-18000,0,0,0,0,0,35000,29000,0,0,0,64000,46000,0,23000,-23000,0,0,-23000,0,0,0,0,4000,-27000,0,0,0,0,0,-27000,0,0,0),(12,12,1,'00008237','12300','16','86.23',0,0,0,0,99000,0,0,0,0,99000,441000,0,548000,0,73000,0,1062000,1161000,0,0,0,0,0,0,644000,0,0,0,0,0,0,517000,0,0,0,517000,1161000,1645000,916000,729000,0,0,729000,0,0,0,0,30000,699000,65000,0,0,0,0,634000,0,0,0),(13,13,1,'00008243','12300','16','60.20',0,0,0,0,0,0,0,0,0,0,0,0,0,0,0,0,0,0,0,0,0,0,0,0,-4000,0,0,0,0,0,4000,0,0,0,0,4000,0,0,0,0,0,0,0,0,0,0,0,0,0,0,0,0,0,0,0,0,0,0),(14,14,1,'00008272','12300','16','68.32',0,0,0,0,0,0,0,0,0,0,9068000,0,0,0,232000,0,9300000,9300000,0,0,0,0,0,0,0,200000,0,0,0,200000,0,9100000,0,0,0,9100000,9300000,13480000,10807000,2673000,0,0,2673000,0,0,0,0,2734000,-61000,0,0,0,0,0,-61000,0,0,0),(15,15,1,'00008289','12300','16','45.1',0,0,0,0,0,0,0,0,0,0,1411000,0,13361000,0,9576000,0,24348000,24348000,0,0,0,0,0,0,804000,8359000,0,0,0,8359000,0,15185000,0,0,0,15185000,24348000,41175000,39871000,1304000,0,0,1304000,0,0,95000,234000,451000,992000,199000,0,0,0,0,793000,0,0,0),(16,16,1,'00008295','12300','16','63.11',0,0,0,0,0,0,0,0,0,0,10000,0,0,0,14656000,0,14666000,14666000,10000,0,0,0,0,69000,79000,0,0,0,0,0,0,14587000,0,0,0,14587000,14666000,14666000,0,14666000,10211000,4370000,85000,0,0,0,0,16000,69000,0,0,0,0,0,69000,0,0,69000),(17,17,1,'00008303','12300','16','45.3',0,0,0,0,0,0,0,0,0,0,10000,0,2460000,0,451000,0,2921000,2921000,10000,0,0,0,0,133000,143000,0,0,0,0,0,0,2778000,0,0,0,2778000,2921000,43056000,35563000,7493000,7346000,0,147000,0,0,0,0,14000,133000,-27000,0,0,0,0,160000,0,0,160000),(18,18,1,'00008311','12300','16','13.20.41',0,0,0,0,0,0,0,0,0,0,0,0,0,0,0,0,0,0,0,0,0,0,0,0,0,0,0,0,0,0,0,0,0,0,0,0,0,0,0,0,0,0,0,0,0,0,0,0,0,0,0,0,0,0,0,0,0,0),(19,19,1,'00008326','12300','16','47.11',182000,0,0,0,2377000,0,0,0,0,2558000,7497000,0,10432000,0,560000,455000,18944000,21502000,1000000,0,0,0,0,15771000,16771000,0,0,0,0,0,0,4732000,0,0,0,4732000,21502000,66154000,51788000,14366000,-825000,0,15191000,0,0,0,519000,7515000,8195000,0,0,0,0,0,8195000,0,0,8195000),(20,20,1,'00008421','12300','16','50.30',0,0,0,0,0,0,0,0,0,0,0,71000,2640000,0,664000,100000,3475000,3475000,10000,0,0,0,0,51000,61000,0,0,0,0,0,450000,2964000,0,0,0,3414000,3475000,7046000,6969000,77000,0,0,77000,0,0,0,0,13000,64000,13000,0,0,0,0,51000,0,0,51000),(21,21,1,'00008639','12300','16','16.10',0,0,0,0,0,0,0,0,0,0,1727000,0,9483000,0,4000,0,11214000,11214000,0,0,0,0,0,0,71000,0,0,0,0,0,0,11143000,0,0,0,11143000,11214000,0,0,0,0,0,0,0,0,0,0,0,0,0,0,0,0,0,0,0,0,0),(22,22,1,'00008651','12300','16','43.34.2',0,0,0,0,0,0,0,0,0,0,10000,0,0,0,8940000,0,8950000,8950000,0,0,0,0,0,0,1194000,0,0,0,0,0,0,0,0,0,7756000,7756000,8950000,20309000,18904000,1405000,0,0,1405000,0,0,0,0,0,1405000,211000,0,0,0,0,1194000,0,0,0),(23,23,1,'00008668','12300','16','47.25',0,0,0,0,0,0,0,0,0,0,1235000,0,0,0,14000,0,1249000,1249000,1000000,0,0,0,0,242000,1242000,0,0,0,0,0,0,0,0,0,7000,7000,1249000,2891000,2642000,249000,0,0,249000,0,0,0,0,0,249000,7000,0,0,0,0,242000,0,0,242000),(24,24,1,'00008697','12300','16','46.90',0,0,0,0,0,0,0,0,0,0,10000,0,0,0,0,0,10000,10000,10000,0,0,0,0,0,10000,0,0,0,0,0,0,0,0,0,0,0,10000,0,0,0,0,0,0,0,0,0,0,0,0,0,0,0,0,0,0,0,0,0),(25,25,1,'00008705','12300','16','68.32.1',0,0,0,0,0,0,0,0,0,0,0,0,0,0,0,0,0,0,0,0,0,0,0,0,0,0,0,0,0,0,0,0,0,0,0,0,0,0,0,0,0,0,0,0,0,0,0,0,0,0,0,0,0,0,0,0,0,0),(26,26,1,'00008711','12300','16','45.31.1',0,0,0,0,0,0,0,0,0,0,200000,0,1405000,0,4000,0,1609000,1609000,0,0,0,0,0,0,-374000,0,0,0,0,0,0,1982000,0,0,0,1982000,1609000,3171000,3229000,-58000,0,0,-58000,0,0,0,0,84000,-142000,233000,0,0,0,0,-375000,0,0,0),(27,27,1,'00008728','12300','16','66.21',0,0,0,0,0,0,0,0,0,0,10000,0,140000,0,195000,0,345000,345000,0,0,0,0,0,0,262000,0,0,0,0,0,57000,26000,0,0,0,83000,345000,357000,91000,266000,0,0,266000,0,0,0,0,13000,253000,0,0,0,0,0,253000,0,0,0),(28,28,1,'00008763','20600','53','94.99',0,0,0,0,0,0,0,0,0,0,147000,0,0,0,145000,0,292000,292000,0,0,0,0,0,0,-56000,0,0,0,0,0,0,0,0,0,348000,348000,292000,0,44000,-44000,0,0,-44000,0,0,0,0,11000,-55000,0,0,0,0,0,-55000,0,0,0),(29,29,1,'00009018','12300','16','41.20',0,0,0,0,0,0,0,0,0,0,0,0,464000,0,0,0,464000,464000,0,0,0,0,0,0,10000,452000,0,0,0,452000,0,2000,0,0,0,2000,464000,0,0,0,0,0,0,0,0,0,0,0,0,0,0,0,0,0,0,0,0,0),(30,30,1,'00009024','12300','16','41.20',0,0,0,0,0,0,0,0,0,0,0,0,12000,0,0,0,12000,12000,0,0,0,0,0,0,10000,2000,0,0,0,2000,0,0,0,0,0,0,12000,0,0,0,0,0,0,0,0,0,0,0,0,0,0,0,0,0,0,0,0,0),(31,31,1,'00009030','12300','16','51.21.1',0,0,0,0,0,0,0,0,0,0,696000,890000,2658000,0,2989000,0,7233000,7233000,10000,0,0,0,0,36000,46000,0,0,0,0,0,248000,6939000,0,0,0,7187000,7233000,14703000,13773000,930000,917000,0,13000,0,0,0,2038000,2005000,46000,10000,-1000,0,0,0,36000,0,0,36000),(32,32,1,'00009067','12300','16','46.49',0,0,0,0,0,0,0,0,0,0,52000,0,21000,0,31000,0,104000,104000,0,0,0,0,0,0,-276000,0,0,0,0,0,355000,25000,0,0,0,380000,104000,2001000,2208000,-207000,0,0,-207000,0,0,0,0,46000,-253000,23000,0,0,0,0,-276000,0,0,0),(33,33,1,'00010561','12300','16','86.23',0,0,0,0,596000,0,0,0,0,596000,0,0,154000,0,26000,0,180000,777000,0,0,0,0,0,0,-73000,0,0,0,0,0,240000,610000,0,0,0,850000,777000,0,76000,-76000,0,0,-76000,0,0,0,0,7000,-83000,0,0,0,0,0,-83000,0,0,0),(34,34,1,'00010582','20701','16','68.32.2',0,0,0,0,0,0,0,0,0,0,0,0,135000,0,4000,0,139000,139000,0,0,0,134000,0,0,134000,0,0,0,0,0,5000,0,0,0,0,5000,139000,0,0,0,0,0,0,0,0,0,0,0,0,0,0,0,0,0,0,0,0,0),(35,35,1,'00010607','12300','16','52.29',0,0,0,0,2582000,0,0,0,0,2582000,0,0,31000,0,21000,0,52000,2634000,0,0,0,0,0,0,2435000,0,0,0,0,0,195000,4000,0,0,0,199000,2634000,2436000,2603000,-167000,0,0,-167000,0,0,0,0,16000,-183000,0,0,0,0,0,-183000,0,0,0),(36,36,1,'00010613','20701','16','68.32.2',0,0,0,0,0,0,0,0,0,0,0,0,0,0,139000,0,139000,139000,0,0,0,132000,0,0,132000,0,0,0,0,0,0,7000,0,0,0,7000,139000,0,0,0,0,0,0,0,0,0,0,0,0,0,0,0,0,0,0,0,0,0),(37,37,1,'00010626','12300','16','68.32',0,0,0,0,0,0,0,0,0,0,0,0,0,0,0,0,0,0,0,0,0,0,0,0,0,0,0,0,0,0,0,0,0,0,0,0,0,0,0,0,0,0,0,0,0,0,0,0,0,0,0,0,0,0,0,0,0,0),(38,38,1,'00010636','12300','16','43',0,0,0,0,0,0,0,0,0,0,0,0,4000,0,43000,0,47000,47000,10000,0,0,0,0,-50000,-40000,87000,0,0,0,87000,0,0,0,0,0,0,47000,0,0,0,0,0,0,0,0,0,0,5000,-5000,0,0,0,0,0,-5000,0,0,-5000),(39,39,1,'00010903','12300','16','46.90',0,0,0,0,0,0,0,0,0,0,0,0,17000,0,0,0,17000,17000,0,0,0,0,0,0,17000,0,0,0,0,0,0,0,0,0,0,0,17000,31146000,31134000,12000,0,0,12000,0,0,0,0,4000,8000,1000,0,0,0,0,7000,0,0,0),(40,40,1,'00014404','12300','16','41.20',0,0,0,0,0,0,0,0,0,0,10000,0,0,0,0,0,10000,10000,10000,0,0,0,0,0,10000,0,0,0,0,0,0,0,0,0,0,0,10000,0,0,0,0,0,0,0,0,0,0,0,0,0,0,0,0,0,0,0,0,0),(41,41,1,'00016461','12300','16','16.10',0,0,0,0,0,0,0,0,0,0,0,0,0,0,10000,0,10000,10000,10000,0,0,0,0,0,10000,0,0,0,0,0,0,0,0,0,0,0,10000,0,0,0,0,0,0,0,0,0,0,0,0,0,0,0,0,0,0,0,0,0),(42,42,1,'00017041','12300','16','47.59',0,0,0,0,0,0,0,0,0,0,10000,0,0,0,0,0,10000,10000,0,0,0,0,0,0,10000,0,0,0,0,0,0,0,0,0,0,0,10000,0,0,0,0,0,0,0,0,0,0,0,0,0,0,0,0,0,0,0,0,0),(43,43,1,'00017058','12300','16','95.11',0,0,0,0,0,0,0,0,0,0,97000,0,100000,0,307000,0,504000,504000,0,0,0,0,0,0,325000,0,0,0,0,0,152000,28000,0,0,0,180000,504000,1216000,884000,332000,0,0,332000,0,0,0,0,0,332000,17000,0,0,0,0,315000,0,0,0),(44,44,1,'00017070','12300','16','73.11',0,0,0,0,0,0,0,0,0,0,0,0,0,0,0,0,0,0,0,0,0,0,0,0,0,0,0,0,0,0,0,0,0,0,0,0,0,0,0,0,0,0,0,0,0,0,0,0,0,0,0,0,0,0,0,0,0,0),(45,45,1,'00017130','12300','16','46.73',0,0,0,0,0,0,0,0,0,0,0,0,0,0,10000,0,10000,10000,0,0,0,0,0,0,10000,0,0,0,0,0,0,0,0,0,0,0,10000,0,0,0,0,0,0,0,0,0,0,0,0,0,0,0,0,0,0,0,0,0),(46,46,1,'00017199','12300','16','01.23',0,0,0,0,0,0,0,0,0,0,0,0,0,0,86000,0,86000,86000,0,0,0,0,0,0,-314000,0,0,0,0,0,400000,0,0,0,0,400000,86000,0,526000,-526000,0,0,-526000,0,0,0,240000,38000,-324000,0,0,0,0,0,-324000,0,0,0),(47,47,1,'00017207','12300','16','52.29',0,0,0,0,0,0,0,0,0,0,0,0,469000,0,632000,0,1101000,1101000,0,0,0,0,0,0,934000,0,0,0,0,0,0,167000,0,0,0,167000,1101000,10165000,9103000,1062000,0,0,1062000,0,0,0,0,9000,1053000,0,0,0,0,0,1053000,0,0,0),(48,48,1,'00017791','12300','16','10.71',0,0,0,0,1991000,0,0,0,0,1991000,0,0,353000,0,1000,0,354000,2345000,0,0,0,0,0,0,2000,0,0,0,0,0,2343000,0,0,0,0,2343000,2345000,0,0,0,0,0,0,0,0,0,0,8000,-8000,0,0,0,0,0,-8000,0,0,0),(49,49,1,'00017822','12300','16','79.11',0,0,0,0,0,0,0,0,0,0,0,0,0,0,10000,0,10000,10000,10000,0,0,0,0,0,10000,0,0,0,0,0,0,0,0,0,0,0,10000,0,0,0,0,0,0,0,0,0,0,0,0,0,0,0,0,0,0,0,0,0),(50,50,1,'00017897','20701','16','68.32.1',0,0,0,0,0,0,0,0,0,0,0,0,0,0,0,0,0,0,0,0,0,0,0,0,0,0,0,0,0,0,0,0,0,0,0,0,0,0,0,0,0,0,0,0,0,0,0,0,0,0,0,0,0,0,0,0,0,0),(51,51,1,'00018098','12300','16','93.29',0,0,0,0,0,0,0,0,0,0,10000,0,0,0,0,0,10000,10000,0,0,0,0,0,0,10000,0,0,0,0,0,0,0,0,0,0,0,10000,25360000,25360000,0,0,0,0,0,0,0,0,0,0,0,0,0,0,0,0,0,0,0),(52,52,1,'00018106','12300','16','68.31',0,0,0,0,1922000,0,0,0,0,1922000,912000,0,0,0,42000,0,954000,2876000,0,0,0,0,0,0,-34000,1410000,0,0,0,1410000,0,1500000,0,0,0,1500000,2876000,456000,484000,-28000,0,0,-28000,0,0,0,0,15000,-43000,0,0,0,0,0,-43000,0,0,0),(53,53,1,'00018158','12300','16','47.25.1',0,0,0,0,0,0,0,0,0,0,2000,0,0,0,8000,0,10000,10000,0,0,0,0,0,0,10000,0,0,0,0,0,0,0,0,0,0,0,10000,160000,148000,12000,0,0,12000,0,0,0,0,0,12000,12000,0,0,0,0,0,0,0,0),(54,54,1,'00018164','12300','16','49.31.2',0,0,0,0,2850000,0,0,0,0,2850000,0,0,598000,0,17000,0,615000,3465000,0,0,0,0,0,0,10000,0,0,0,0,0,3000000,455000,0,0,0,3455000,3465000,5049000,4812000,237000,0,0,237000,0,0,0,0,0,237000,106000,0,0,0,0,131000,0,0,0),(55,55,1,'00018170','12300','16','22.23',0,0,0,0,0,0,0,0,0,0,253000,0,198000,0,63000,0,514000,514000,10000,0,0,0,0,129000,139000,0,0,0,0,0,0,375000,0,0,0,375000,514000,616000,348000,268000,0,89000,179000,0,0,0,0,5000,174000,35000,0,0,0,0,139000,0,0,139000),(56,56,1,'00018193','12300','16','46.90',0,0,0,0,0,0,0,0,0,0,0,3000,3080000,0,6000,4000,3093000,3093000,10000,0,0,0,0,-17000,-7000,0,0,0,0,0,0,3100000,0,0,0,3100000,3093000,2610000,2631000,-21000,0,0,-21000,0,0,0,0,0,-21000,0,0,0,4000,0,-17000,0,0,-17000),(57,57,1,'00018247','12300','16','46.34.1',0,0,0,0,0,0,0,0,0,0,0,0,9966000,0,4728000,0,14694000,14694000,0,0,0,0,0,0,13883000,0,0,0,0,0,0,811000,0,0,0,811000,14694000,54031000,38157000,15874000,0,0,15874000,0,0,0,40000,33000,15881000,2008000,0,0,0,0,13873000,0,0,0),(58,58,1,'00018253','12300','16','46.73',0,0,0,0,0,0,0,0,0,0,0,0,149000,0,8000,0,157000,158000,0,0,0,0,0,0,13000,0,0,0,0,0,140000,5000,0,0,0,145000,158000,570000,549000,21000,0,0,21000,0,0,0,662000,678000,5000,1000,0,0,0,0,4000,0,0,0),(59,59,1,'00018282','12300','16','46.13.2',0,0,0,0,0,0,0,0,0,0,0,0,0,0,0,0,0,0,0,0,0,0,0,0,0,0,0,0,0,0,0,0,0,0,0,0,0,0,0,0,0,0,0,0,0,0,0,0,0,0,0,0,0,0,0,0,0,0),(60,60,1,'00018313','12300','16','46.42',0,0,0,0,0,0,0,0,0,0,9025000,0,470000,0,5000,0,9500000,9499000,0,0,0,0,0,0,18000,205000,0,0,0,205000,0,9276000,0,0,0,9276000,9499000,166000,162000,4000,0,0,4000,0,0,0,22000,15000,11000,2000,0,0,0,0,9000,0,0,0),(61,61,1,'00018325','12300','16','43.99.4',0,0,0,0,0,0,0,0,0,0,0,0,0,0,0,0,0,0,0,0,0,0,0,0,0,0,0,0,0,0,0,0,0,0,0,0,0,0,0,0,0,0,0,0,0,0,0,0,0,0,0,0,0,0,0,0,0,0),(62,62,1,'00018336','12300','16','52.24',0,0,0,0,0,0,0,0,0,0,6632000,0,654000,0,2000,0,7288000,7288000,0,0,0,0,0,0,316000,0,0,0,0,0,0,6972000,0,0,0,6972000,7288000,32019000,31722000,297000,0,0,297000,0,0,0,0,27000,270000,54000,0,0,0,0,216000,0,0,0),(63,63,1,'00018371','12300','16','93.29.9',0,0,0,0,103000,0,0,0,0,103000,111000,0,0,0,2000,0,113000,216000,0,0,0,0,0,0,-500000,0,0,0,0,0,647000,69000,0,0,0,716000,216000,19000,528000,-509000,0,0,-509000,0,0,0,0,0,-509000,1000,0,0,0,0,-510000,0,0,0),(64,64,1,'00018402','12300','16','52.29',0,0,0,0,0,0,2000,0,0,2000,0,0,2000,0,0,0,2000,4000,0,0,0,0,0,0,4000,0,0,0,0,0,0,0,0,0,0,0,4000,0,0,0,0,0,0,0,0,0,0,10000,-10000,2000,0,0,0,0,-8000,0,0,0),(65,65,1,'00018419','12300','16','46.17.1',0,0,0,0,0,0,0,0,0,0,0,0,682000,0,607000,0,1289000,1288000,0,0,0,0,0,0,699000,0,0,0,0,0,585000,4000,0,0,0,589000,1288000,7334000,5521000,1813000,0,0,1813000,0,0,8000,0,11000,1794000,67000,0,0,0,0,1727000,0,0,0),(66,66,1,'00018425','12300','16','46.49',0,0,0,0,0,0,0,0,0,0,1761000,0,109000,0,77000,0,1947000,1948000,0,0,0,0,0,0,366000,1497000,0,0,0,1497000,185000,-101000,0,0,0,84000,1948000,5094000,4548000,546000,0,0,546000,0,0,0,0,99000,447000,89000,0,0,0,0,358000,0,0,0),(67,67,1,'00018448','12300','16','46.90',0,0,0,0,0,0,0,0,0,0,0,0,7160000,0,81000,0,7242000,7242000,10000,0,0,0,0,149000,159000,0,0,0,0,0,10000,7073000,0,0,0,7083000,7242000,9304000,0,9304000,0,9067000,237000,0,0,0,0,38000,199000,40000,0,0,0,0,159000,0,0,159000),(68,68,1,'00018454','12300','16','46.49',0,0,0,0,0,0,0,0,0,0,0,0,10000,0,0,0,10000,10000,0,0,0,0,0,0,10000,0,0,0,0,0,0,0,0,0,0,0,10000,0,0,0,0,0,0,0,0,0,0,0,0,0,0,0,0,0,0,0,0,0),(69,69,1,'00018477','12300','16','46.73',0,0,0,0,0,0,0,0,0,0,0,0,21000,0,0,0,21000,21000,0,0,0,0,0,0,17000,0,0,0,0,0,0,4000,0,0,0,4000,21000,77063000,77046000,17000,0,0,17000,0,0,0,0,8000,9000,2000,0,0,0,0,7000,0,0,0),(70,70,1,'00018595','12300','16','46.75.2',0,0,0,0,0,0,0,0,0,0,619000,0,285000,0,36000,0,940000,940000,10000,0,0,0,0,19000,29000,0,7000,0,0,7000,69000,835000,0,0,0,904000,940000,1384000,221000,1163000,903000,204000,56000,0,0,0,0,24000,32000,6000,0,7000,0,0,19000,0,0,19000),(71,71,1,'00018632','12300','16','52.29',0,0,0,0,0,0,0,110000,0,110000,4018000,0,16208000,0,5538000,0,25764000,25874000,10000,0,0,0,0,-440000,-430000,0,0,0,0,0,0,26303000,0,0,0,26303000,25874000,69357000,67233000,2124000,2333000,0,-209000,0,0,0,1649000,1167000,273000,55000,0,0,0,0,218000,0,0,218000),(72,72,1,'00018649','12300','16','46.38',0,0,0,0,0,0,0,0,0,0,651000,0,416000,0,0,0,1067000,1067000,15000,0,0,0,0,1000,16000,0,0,0,0,0,89000,962000,0,0,0,1051000,1067000,1128000,644000,484000,483000,0,1000,0,0,0,21000,0,22000,0,0,0,-21000,0,1000,0,0,1000),(73,73,1,'00018655','12300','16','69.20',0,0,0,0,0,0,0,0,0,0,0,0,0,0,0,0,0,0,0,0,0,0,0,0,0,0,0,0,0,0,0,0,0,0,0,0,0,0,0,0,0,0,0,0,0,0,0,0,0,0,0,0,0,0,0,0,0,0),(74,74,1,'00018661','12300','16','46.33',0,0,0,0,0,0,0,0,0,0,0,0,0,0,0,10000,10000,10000,10000,0,0,0,0,0,10000,0,0,0,0,0,0,0,0,0,0,0,10000,0,0,0,0,0,0,0,0,0,0,0,0,0,0,0,0,0,0,0,0,0),(75,75,1,'00018715','12300','16','46.71',0,0,0,0,3374000,0,0,0,0,3374000,304000,0,232000,0,-5000,0,531000,3905000,10000,0,0,0,0,11000,21000,0,0,0,0,0,0,3884000,0,0,0,3884000,3905000,4374000,2733000,1641000,0,1617000,24000,0,0,0,0,10000,14000,3000,0,0,0,0,11000,0,0,11000),(76,76,1,'00018721','12300','16','46.69.5',0,0,0,0,0,0,0,0,0,0,666000,0,400000,0,860000,0,1926000,1926000,0,0,0,0,0,0,118000,0,0,0,0,0,0,1808000,0,0,0,1808000,1926000,2143000,1995000,148000,0,0,148000,0,0,0,0,12000,136000,27000,0,0,0,0,109000,0,0,0),(77,77,1,'00018879','20101','16','68.32',0,0,0,0,0,0,0,0,0,0,0,0,0,0,0,0,0,0,0,0,0,0,0,0,0,0,0,0,0,0,0,0,0,0,0,0,0,0,0,0,0,0,0,0,0,0,0,0,0,0,0,0,0,0,0,0,0,0),(78,78,1,'00018902','12300','16','62.01',0,0,0,0,0,0,0,0,0,0,4000,0,792000,0,1084000,0,1880000,1880000,10000,0,0,0,0,4000,14000,0,0,0,0,0,0,1866000,0,0,0,1866000,1880000,68316000,1360000,66956000,0,0,66956000,0,0,0,0,16000,66940000,3936000,0,0,0,0,63004000,0,0,63004000),(79,79,1,'00018939','12300','16','46.16',0,0,0,0,0,0,0,0,0,0,10000,0,0,0,0,0,10000,10000,10000,0,0,0,0,0,10000,0,0,0,0,0,0,0,0,0,0,0,10000,0,0,0,0,0,0,0,0,0,0,0,0,0,0,0,0,0,0,0,0,0),(80,80,1,'00018951','12300','16','46.38.1',0,0,0,0,0,0,0,0,0,0,324000,0,113000,0,0,0,437000,437000,0,0,0,0,0,0,-95000,0,0,0,0,0,0,532000,0,0,0,532000,437000,290000,359000,-69000,0,0,-69000,0,0,0,6000,20000,-83000,12000,0,0,0,0,-95000,0,0,0),(81,81,1,'00018997','12300','16','77.39.12',0,0,0,0,85000,0,0,0,0,85000,0,0,690000,0,1000,0,691000,776000,10000,0,0,0,0,-15000,-5000,0,0,0,0,0,0,781000,0,0,0,781000,776000,551000,459000,92000,0,82000,10000,0,0,0,0,16000,-6000,0,0,0,0,0,-6000,0,0,-6000),(82,82,1,'00019005','12300','16','47.11',0,0,0,0,0,0,0,0,0,0,0,0,10000,0,0,0,10000,10000,10000,0,0,0,0,0,10000,0,0,0,0,0,0,0,0,0,0,0,10000,5941000,0,5941000,5608000,324000,9000,0,0,0,0,0,9000,0,0,0,0,0,9000,0,0,9000),(83,83,1,'00019175','12300','16','46.74',0,0,0,0,0,0,0,0,0,0,0,0,10000,0,0,0,10000,10000,0,0,0,0,0,0,10000,0,0,0,0,0,0,0,0,0,0,0,10000,0,0,0,0,0,0,0,0,0,0,0,0,0,0,0,0,0,0,0,0,0),(84,84,1,'00019258','12300','16','28.12',0,0,0,0,0,0,0,0,0,0,84000,0,5867000,0,7000,0,5958000,5958000,10000,0,0,0,0,73000,83000,130000,0,0,0,130000,0,5745000,0,0,0,5745000,5958000,833000,0,833000,710000,0,123000,0,0,0,5000,15000,113000,40000,0,0,0,0,73000,0,0,73000),(85,85,1,'00019436','12300','16','47.11',0,0,0,0,0,0,0,0,0,0,0,0,3000,0,16000,0,19000,19000,0,0,0,0,0,0,-362000,0,0,0,0,0,375000,5000,0,0,0,380000,19000,512000,860000,-348000,0,0,-348000,0,0,0,0,19000,-367000,5000,0,0,0,0,-372000,0,0,0),(86,86,1,'00019761','12300','16','01.11',0,0,0,0,12315000,0,0,0,0,12315000,13923000,0,1452000,0,156000,0,15531000,27846000,0,0,0,0,0,0,9497000,0,0,0,0,0,10461000,7888000,0,0,0,18349000,27846000,5163000,2886000,2277000,0,0,2277000,0,0,0,13209000,5999000,9487000,0,0,0,0,0,9487000,0,0,0),(87,87,1,'00019778','12300','16','69.10',0,0,0,0,0,0,0,0,0,0,0,0,37498000,0,8166000,0,45664000,45665000,0,0,0,0,0,0,35510000,2061000,0,0,0,2061000,0,8094000,0,0,0,8094000,45665000,0,3341000,-3341000,0,0,-3341000,0,0,0,52519000,10644000,38534000,3036000,0,0,0,0,35498000,0,0,0),(88,88,1,'00019784','12300','16','46.43',0,0,0,0,3823000,0,0,0,0,3823000,40150000,3996000,14967000,0,69000,0,59182000,63005000,10000,0,0,0,0,8588000,8598000,0,29000,0,0,29000,0,54378000,0,0,0,54378000,63005000,209326000,192925000,16401000,6009000,0,10392000,0,0,0,463000,79000,10776000,2159000,-33000,29000,0,0,8588000,0,0,8588000),(89,89,1,'00019790','12300','16','46.38.1',0,0,0,0,0,0,0,0,0,0,8203000,0,117000,0,33000,0,8353000,8354000,0,0,0,0,0,0,1645000,0,0,0,0,0,4472000,2237000,0,0,0,6709000,8354000,65143000,62783000,2360000,0,0,2360000,0,0,0,0,57000,2303000,667000,0,0,0,0,1636000,0,0,0),(90,90,1,'00019809','12300','16','01.11',0,0,0,0,0,0,0,0,0,0,1781000,0,0,0,58000,0,1839000,1839000,0,0,0,0,0,0,79000,0,0,0,0,0,0,1760000,0,0,0,1760000,1839000,3457000,3337000,120000,0,0,120000,0,0,0,0,15000,105000,36000,0,0,0,0,69000,0,0,0),(91,91,1,'00019821','12300','16','62.01',0,0,0,0,0,0,0,0,0,0,0,0,284000,0,169000,0,452000,452000,10000,0,0,0,0,-186000,-176000,584000,0,0,0,584000,0,45000,0,0,0,45000,452000,3375000,0,3375000,0,3359000,16000,0,0,0,3611000,3781000,-154000,0,0,0,0,33000,-187000,0,0,-187000),(92,92,1,'00019838','12300','16','46.73.1',0,0,0,0,0,0,0,0,0,0,0,0,100000,0,44000,0,144000,144000,20000,0,0,0,0,-36000,-16000,0,0,0,0,0,160000,0,0,0,0,160000,144000,0,0,0,5000,0,-5000,0,0,0,0,31000,-36000,0,0,0,0,0,-36000,0,0,-36000),(93,93,1,'00019873','12300','16','47.29',0,0,0,0,0,0,0,0,0,0,0,0,10000,0,0,0,10000,10000,0,0,0,0,0,0,10000,0,0,0,0,0,0,0,0,0,0,0,10000,0,0,0,0,0,0,0,0,0,0,0,0,0,0,0,0,0,0,0,0,0),(94,94,1,'00019887','12300','16','50.20',0,0,0,0,0,0,0,0,0,0,0,0,0,0,37000,0,37000,37000,0,0,0,0,0,0,-193000,0,0,0,0,0,229000,1000,0,0,0,230000,37000,0,192000,-192000,0,0,-192000,0,0,0,0,10000,-202000,1000,0,0,0,0,-203000,0,0,0),(95,95,1,'00019904','12300','16','46.38',0,0,0,0,0,0,0,0,0,0,1205000,0,2330000,1707000,689000,0,5931000,5931000,10000,0,0,0,0,-35000,-25000,0,0,0,5956000,5956000,0,0,0,0,0,0,5931000,8863000,5814000,3049000,0,3045000,4000,0,0,0,0,39000,-35000,0,0,0,0,0,-35000,0,0,-35000),(96,96,1,'00019927','12300','16','46.90',0,0,0,0,0,0,0,0,0,0,0,0,0,0,12000,0,12000,12000,12000,0,0,0,0,0,12000,0,0,0,0,0,0,0,0,0,0,0,12000,0,0,0,0,0,0,0,0,0,0,0,0,0,0,0,0,0,0,0,0,0),(97,97,1,'00019941','12300','16','20.30.2',0,0,0,0,0,0,0,0,0,0,0,0,0,0,0,0,0,0,0,0,0,0,0,0,0,0,0,0,0,0,0,0,0,0,0,0,0,0,0,0,0,0,0,0,0,0,0,0,0,0,0,0,0,0,0,0,0,0),(98,98,1,'00019956','12300','16','46.12.22',0,0,0,0,0,0,0,0,0,0,0,0,0,0,4000,0,4000,4000,10000,0,0,0,0,-12000,-2000,0,0,0,0,0,6000,0,0,0,0,6000,4000,0,0,0,0,0,0,0,0,0,0,12000,-12000,0,0,0,0,0,-12000,0,0,-12000),(99,99,1,'00019962','12300','16','43.99.4',0,0,0,0,0,0,0,0,0,0,0,0,0,0,10000,0,10000,10000,10000,0,0,0,0,0,10000,0,0,0,0,0,0,0,0,0,0,0,10000,0,0,0,0,0,0,0,0,0,0,0,0,0,0,0,0,0,0,0,0,0),(100,100,1,'00019979','12300','16','45.1',0,0,0,0,0,0,0,0,0,0,11389000,0,6905000,0,1199000,0,19493000,19493000,0,0,0,0,0,0,126000,0,0,0,0,0,0,19367000,0,0,0,19367000,19493000,20984000,20806000,178000,0,0,178000,0,0,0,0,29000,149000,30000,0,0,0,0,119000,0,0,0),(101,101,2,'00002447','12300','16','52.10',0,0,0,0,0,0,0,0,0,0,0,0,10000,0,0,0,10000,10000,10000,0,0,0,0,0,10000,0,0,0,0,0,0,0,0,0,0,0,10000,0,0,0,0,0,0,0,0,0,0,0,0,0,0,0,0,0,0,0,0,0),(102,1,2,'00005279','12300','16','62.09',0,0,0,0,0,0,0,0,0,0,200000,0,0,0,1000,0,201000,200000,0,0,0,0,0,0,-61000,0,0,0,0,0,0,261000,0,0,0,261000,200000,0,5000,-5000,0,0,-5000,0,0,0,0,13000,-18000,0,0,0,0,0,-18000,0,0,0),(103,2,2,'00005285','12300','16','46.17',0,0,0,0,0,0,0,0,0,0,5761000,0,2922000,0,142000,0,8825000,8826000,0,0,0,0,0,0,-1497000,0,0,0,0,0,3500000,6823000,0,0,0,10323000,8826000,106358000,99576000,6782000,0,0,6782000,0,0,0,765000,89000,7458000,4567000,0,0,0,0,2891000,0,0,0),(104,102,2,'00005291','12300','16','45.20.2',0,0,0,0,0,0,0,0,0,0,0,0,0,0,11000,0,11000,11000,10000,0,0,0,0,0,10000,0,0,0,0,0,1000,0,0,0,0,1000,11000,2175000,2000000,175000,0,0,175000,0,0,0,0,175000,0,0,0,0,0,0,0,0,0,0),(105,3,2,'00005304','12300','16','47.30',0,0,0,0,0,0,0,0,0,0,0,0,659000,0,45974000,0,46634000,46634000,10000,0,0,0,0,430000,440000,0,0,0,0,0,0,46194000,0,0,0,46194000,46634000,8885000,0,8885000,0,4111000,4774000,0,0,0,0,4457000,317000,0,0,0,0,-86000,231000,0,0,231000),(106,4,2,'00005351','12300','16','41.20',0,0,0,0,137027000,0,0,3811000,0,140838000,13473000,4505000,46568000,0,78671000,795000,144011000,284849000,10000,0,0,0,0,-14489000,-14479000,273389000,1000,0,0,273390000,20350000,5588000,0,0,0,25938000,284849000,7229000,1142000,6087000,0,4798000,1289000,0,2638000,18315000,19400000,20132000,-15120000,0,-8000,-1000,3017000,0,-12104000,0,0,-12104000),(107,6,2,'00005434','12300','16','32.40',0,0,0,0,0,0,0,0,0,0,4659000,0,10454000,0,586000,0,15699000,15700000,0,0,0,0,0,0,7158000,6838000,0,0,0,6838000,0,1705000,0,0,0,1705000,15700000,10210000,7503000,2707000,0,0,2707000,0,0,0,1598000,997000,3308000,88000,0,0,0,0,3220000,0,0,0),(108,7,2,'00006497','12300','16','46.47',0,0,0,0,0,0,0,0,0,0,395000,0,725000,0,212000,0,1332000,1332000,0,0,0,0,0,0,482000,0,0,0,0,0,0,850000,0,0,0,850000,1332000,4278000,3732000,546000,0,0,546000,0,0,0,0,0,546000,257000,0,0,0,0,289000,0,0,0),(109,9,2,'00006623','12300','16','42.91.4',0,0,0,0,0,0,0,0,0,0,0,0,0,0,0,0,0,0,0,0,0,0,0,0,0,0,0,0,0,0,0,0,0,0,0,0,0,0,0,0,0,0,0,0,0,0,0,0,0,0,0,0,0,0,0,0,0,0),(110,10,2,'00007485','12300','16','62.01',0,0,0,0,0,0,0,0,0,0,484000,0,1478000,0,257000,0,2219000,2219000,0,0,0,0,0,0,1953000,0,0,0,0,0,0,267000,0,0,0,267000,2219000,4754000,2662000,2092000,0,0,2092000,0,0,0,37000,33000,2096000,159000,0,0,0,0,1937000,0,0,0),(111,103,2,'00008208','12300','16','46.75',0,0,0,0,0,0,0,0,0,0,10000,0,0,0,0,0,10000,10000,10000,0,0,0,0,0,10000,0,0,0,0,0,0,0,0,0,0,0,10000,0,0,0,0,0,0,0,0,0,0,0,0,0,0,0,0,0,0,0,0,0),(112,12,2,'00008237','12300','16','86.23',0,0,0,0,0,0,0,0,0,0,0,0,1659000,0,139000,0,1798000,1798000,0,0,0,0,0,0,1432000,0,0,0,0,0,0,367000,0,0,0,367000,1798000,4334000,3316000,1018000,0,0,1018000,0,0,0,0,109000,909000,128000,0,0,0,0,781000,0,0,0),(113,13,2,'00008243','12300','16','61.10.9',0,0,0,0,0,0,0,0,0,0,0,0,7000,361000,10000,0,378000,378000,10000,0,0,0,0,290000,300000,0,0,0,0,0,45000,22000,0,0,11000,78000,378000,364000,35000,329000,2000,0,327000,0,0,0,0,0,327000,23000,0,0,0,0,304000,0,0,304000),(114,14,2,'00008272','12300','16','68.32',0,0,0,0,0,0,0,0,0,0,4000,0,23208000,0,53000,0,23265000,23265000,0,0,0,0,0,0,0,0,0,0,0,0,0,23265000,0,0,0,23265000,23265000,32249000,33089000,-840000,0,0,-840000,0,0,0,5000,74000,-909000,257000,0,0,0,0,-1166000,0,0,-1166000),(115,15,2,'00008289','12300','16','45.11.1',0,0,0,0,7000,0,0,0,0,7000,7588000,0,4887000,0,1014000,0,13489000,13495000,0,0,0,0,0,0,2657000,0,0,0,1000,1000,0,10837000,0,0,0,10837000,13495000,79500000,76771000,2729000,0,0,2729000,0,0,321000,45000,138000,2315000,464000,0,0,0,0,1851000,0,0,0),(116,16,2,'00008295','65','16','52.24',0,0,0,0,0,0,0,0,0,0,10000,0,0,0,0,0,10000,10000,10000,0,0,0,0,0,10000,0,0,0,0,0,0,0,0,0,0,0,10000,0,0,0,0,0,0,0,0,0,0,0,0,0,0,0,0,0,0,0,0,0),(117,19,2,'00008326','61','16','47.11',182000,0,0,0,2674000,0,0,0,0,2856000,9530000,0,14756000,0,333000,1477000,26095000,28951000,1000000,0,0,0,0,-1243000,-243000,0,0,0,0,0,0,29194000,0,0,0,29194000,28951000,109866000,84691000,25175000,5549000,0,19626000,0,0,0,767000,3488000,16905000,0,0,0,0,0,16905000,0,0,16905000),(118,20,2,'00008421','12300','16','45.3',0,0,0,0,0,0,0,0,0,0,1472000,3000,6165000,0,3426000,0,11066000,11066000,10000,0,0,0,0,578000,588000,0,0,0,0,0,2750000,7728000,0,0,0,10478000,11066000,42020000,38908000,3112000,2347000,0,765000,0,0,0,109000,215000,659000,132000,0,0,0,0,527000,0,0,527000),(119,21,2,'00008639','12300','16','16.10',0,0,0,0,0,0,0,0,0,0,10000,0,2045000,0,35000,0,2090000,2090000,0,0,0,0,0,0,161000,0,0,0,0,0,0,1929000,0,0,0,1929000,2090000,2260000,2087000,173000,0,0,173000,0,0,0,0,60000,113000,23000,0,0,0,0,90000,0,0,0),(120,22,2,'00008651','65','16','43.34.2',0,0,0,0,0,0,0,0,0,0,10000,0,712000,0,2000,0,724000,724000,0,0,0,0,0,0,617000,0,0,0,0,0,0,107000,0,0,0,107000,724000,9904000,9190000,714000,0,0,714000,0,0,0,0,0,714000,107000,0,0,0,0,607000,0,0,0),(121,23,2,'00008668','65','16','47.25',0,0,0,0,0,0,0,0,0,0,1155000,0,0,0,46000,0,1201000,1201000,1000000,0,0,0,0,201000,1201000,0,0,0,0,0,0,0,0,0,0,0,1201000,2634000,2426000,208000,0,0,208000,0,0,0,0,0,208000,7000,0,0,0,0,201000,0,0,201000),(122,24,2,'00008697','65','16','46.90',0,0,0,0,0,0,0,0,0,0,10000,0,0,0,0,0,10000,10000,10000,0,0,0,0,0,10000,0,0,0,0,0,0,0,0,0,0,0,10000,0,0,0,0,0,0,0,0,0,0,0,0,0,0,0,0,0,0,0,0,0),(123,25,2,'00008705','12300','16','68.32.1',0,0,0,0,0,0,0,0,0,0,13000,0,195000,0,59000,0,267000,267000,0,0,0,0,0,0,-879000,3000,0,0,0,3000,0,1143000,0,0,0,1143000,267000,2729000,3593000,-864000,0,0,-864000,0,0,0,223000,114000,-755000,28000,0,0,0,0,-783000,0,0,0),(124,26,2,'00008711','12300','16','45.31.1',0,0,0,0,0,0,0,0,0,0,3252000,0,4387000,0,0,0,7639000,7639000,0,0,0,0,0,0,4894000,0,0,0,0,0,0,2745000,0,0,0,2745000,7639000,6474000,6074000,400000,0,0,400000,0,0,0,0,37000,363000,352000,0,0,0,0,11000,0,0,0),(125,27,2,'00008728','12300','16','66.21',0,0,0,0,0,0,0,0,0,0,10000,0,27000,0,7000,0,44000,44000,0,0,0,0,0,0,34000,0,0,0,0,0,0,10000,0,0,0,10000,44000,181000,141000,40000,0,0,40000,0,0,0,0,16000,24000,0,0,0,0,0,24000,0,0,0),(126,104,2,'00008757','20200','53','94.99',0,0,0,0,0,0,0,0,0,0,0,0,125000,0,146000,0,271000,271000,0,0,0,263000,0,0,263000,0,0,0,0,0,0,8000,0,0,0,8000,271000,0,0,0,0,0,0,0,0,0,0,0,0,0,0,0,0,0,0,0,0,0),(127,28,2,'00008763','20600','53','94.99',0,0,0,0,0,0,0,0,0,0,0,0,1000,0,104000,0,105000,105000,0,0,0,0,0,0,105000,0,0,0,0,0,0,0,0,0,0,0,105000,0,218000,-218000,0,0,-218000,0,0,0,0,161000,-379000,0,0,0,0,0,-379000,0,0,0),(128,29,2,'00009018','12300','24','41.20',0,0,0,0,0,0,0,0,0,0,1025000,0,184000,0,0,0,1209000,1209000,0,0,0,0,0,0,-31000,1238000,0,0,0,1238000,0,2000,0,0,0,2000,1209000,0,0,0,0,0,0,0,0,0,0,31000,-31000,0,0,0,0,0,-31000,0,0,0),(129,30,2,'00009024','12300','16','41.20',0,0,0,0,0,0,0,0,0,0,95000,0,17000,0,0,0,112000,112000,0,0,0,0,0,0,-2000,114000,0,0,0,114000,0,0,0,0,0,0,112000,0,0,0,0,0,0,0,0,0,0,12000,-12000,0,0,0,0,0,-12000,0,0,0),(130,105,2,'00009047','12300','16','79.11',0,0,0,0,0,0,0,0,0,0,0,0,0,0,210000,0,210000,210000,0,0,0,0,0,0,128000,0,0,0,0,0,0,82000,0,0,0,82000,210000,2113000,1968000,145000,0,0,145000,0,0,0,0,0,145000,22000,0,0,0,0,123000,0,0,0),(131,32,2,'00009067','12300','16','46.49',0,0,0,0,0,0,0,0,0,0,52000,0,18000,0,0,0,70000,70000,0,0,0,0,0,0,-287000,0,0,0,0,0,355000,2000,0,0,0,357000,70000,0,0,0,0,0,0,0,0,0,0,11000,-11000,0,0,0,0,0,-11000,0,0,0),(132,33,2,'00010561','12300','16','86.23',0,0,0,0,529000,0,0,0,0,529000,165000,0,3381000,0,6687000,0,10233000,10762000,0,0,0,0,0,0,9560000,0,0,0,0,0,0,1202000,0,0,0,1202000,10762000,24562000,14092000,10470000,0,0,10470000,0,0,0,0,319000,10151000,0,0,0,0,0,10151000,0,0,0),(133,34,2,'00010582','20701','16','68.32.2',0,0,0,0,0,0,0,0,0,0,0,0,0,0,115000,0,115000,115000,0,0,0,115000,0,0,115000,0,0,0,0,0,0,0,0,0,0,0,115000,0,0,0,0,0,0,0,0,0,0,0,0,0,0,0,0,0,0,0,0,0),(134,35,2,'00010607','12300','16','52.29',0,0,0,0,0,0,0,0,0,0,0,0,0,0,41000,0,41000,41000,0,0,0,0,0,0,10000,0,0,0,0,0,0,31000,0,0,0,31000,41000,939000,910000,29000,0,0,29000,0,0,0,4000,19000,14000,57000,0,0,0,0,-43000,0,0,0),(135,36,2,'00010613','20701','16','68.32.2',0,0,0,0,0,0,0,0,0,0,0,0,0,0,109000,0,109000,109000,0,0,0,95000,0,0,95000,0,0,0,0,0,0,14000,0,0,0,14000,109000,0,0,0,0,0,0,0,0,0,0,0,0,0,0,0,0,0,0,0,0,0),(136,37,2,'00010626','12300','16','68.32',0,0,0,0,0,0,0,0,0,0,0,0,0,0,0,0,0,0,0,0,0,0,0,0,0,0,0,0,0,0,0,0,0,0,0,0,0,0,0,0,0,0,0,0,0,0,0,0,0,0,0,0,0,0,0,0,0,0),(137,38,2,'00010636','12300','16','41.20',0,0,0,0,0,0,0,0,0,0,13000,0,0,0,10000,0,23000,23000,10000,0,0,0,0,0,10000,0,0,0,0,0,0,13000,0,0,0,13000,23000,0,0,0,0,0,0,0,0,0,0,0,0,0,0,0,0,0,0,0,0,0),(138,40,2,'00014404','12300','16','41.20',0,0,0,0,0,0,0,0,0,0,10000,0,0,0,0,0,10000,10000,0,0,0,0,0,0,10000,0,0,0,0,0,0,0,0,0,0,0,10000,0,0,0,0,0,0,0,0,0,0,0,0,0,0,0,0,0,0,0,0,0),(139,41,2,'00016461','12300','16','16.10',0,0,0,0,69000,0,0,0,0,69000,1381000,0,623000,0,2033000,0,4037000,4106000,0,0,0,0,0,0,36000,0,0,0,0,0,1963000,2107000,0,0,0,4070000,4106000,4196000,4128000,68000,0,0,68000,0,0,0,0,27000,41000,8000,0,0,0,0,33000,0,0,0),(140,42,2,'00017041','12300','16','47.59',0,0,0,0,0,0,0,0,0,0,10000,0,0,0,0,0,10000,10000,0,0,0,0,0,0,10000,0,0,0,0,0,0,0,0,0,0,0,10000,0,0,0,0,0,0,0,0,0,0,0,0,0,0,0,0,0,0,0,0,0),(141,43,2,'00017058','12300','16','95.11',0,0,0,0,0,0,0,0,0,0,0,0,32000,0,223000,0,255000,255000,0,0,0,0,0,0,224000,0,0,0,0,0,0,31000,0,0,0,31000,255000,2120000,2184000,-64000,0,0,-64000,0,0,0,0,0,-64000,27000,0,0,0,0,-91000,0,0,0),(142,44,2,'00017070','12300','16','73.11',0,0,0,0,0,0,0,0,0,0,0,0,0,0,0,0,0,0,0,0,0,0,0,0,0,0,0,0,0,0,0,0,0,0,0,0,0,0,0,0,0,0,0,0,0,0,0,0,0,0,0,0,0,0,0,0,0,0),(143,45,2,'00017130','12300','16','77.39.2',0,0,0,0,0,0,0,0,0,0,0,0,0,0,10000,0,10000,10000,0,0,0,0,0,0,10000,0,0,0,0,0,0,0,0,0,0,0,10000,0,0,0,0,0,0,0,0,0,0,0,0,0,0,0,0,0,0,0,0,0),(144,46,2,'00017199','12300','16','01.11',0,0,0,0,0,0,0,0,0,0,0,0,117000,0,456000,0,573000,573000,0,0,0,0,0,0,-86000,0,0,0,0,0,400000,259000,0,0,0,659000,573000,0,26000,-26000,0,0,-26000,0,0,0,178000,19000,133000,0,0,0,0,0,133000,0,0,0),(145,47,2,'00017207','12300','16','52.29',0,0,0,0,0,0,0,0,0,0,0,0,512000,0,130000,0,642000,642000,0,0,0,0,0,0,458000,0,0,0,0,0,0,184000,0,0,0,184000,642000,22461000,22884000,-423000,0,0,-423000,0,0,0,321000,367000,-469000,0,0,0,0,0,-469000,0,0,0),(146,106,2,'00017259','12300','16','46.36',0,0,0,0,0,0,0,0,0,0,0,0,0,0,10000,0,10000,10000,10000,0,0,0,0,0,10000,0,0,0,0,0,0,0,0,0,0,0,10000,0,0,0,0,0,0,0,0,0,0,0,0,0,0,0,0,0,0,0,0,0),(147,48,2,'00017791','12300','16','10.71',0,0,0,0,2286000,0,0,0,0,2286000,0,0,353000,0,4000,0,357000,2643000,0,0,0,0,0,0,-13000,0,0,0,0,0,2656000,0,0,0,0,2656000,2643000,0,0,0,0,0,0,0,0,0,0,13000,-13000,0,0,0,0,0,-13000,0,0,0),(148,49,2,'00017822','12300','16','79.11',0,0,0,0,0,0,0,0,0,0,0,0,0,0,10000,0,10000,10000,10000,0,0,0,0,0,10000,0,0,0,0,0,0,0,0,0,0,0,10000,0,0,0,0,0,0,0,0,0,0,0,0,0,0,0,0,0,0,0,0,0),(149,50,2,'00017897','20701','16','68.32.1',0,0,0,0,0,0,0,0,0,0,0,0,0,0,0,0,0,0,0,0,0,0,0,0,0,0,0,0,0,0,0,0,0,0,0,0,0,0,0,0,0,0,0,0,0,0,0,0,0,0,0,0,0,0,0,0,0,0),(150,51,2,'00018098','12300','16','49.41',0,0,0,0,0,0,0,0,0,0,0,0,0,0,778000,0,778000,778000,0,0,0,0,0,0,10000,0,0,0,0,0,0,768000,0,0,0,768000,778000,39908000,39776000,132000,0,0,132000,0,0,0,0,131000,1000,1000,0,0,0,0,0,0,0,0),(151,52,2,'00018106','12300','16','68.31',0,0,0,0,2089000,0,0,0,0,2089000,912000,0,0,0,41000,0,953000,3042000,0,0,0,0,0,0,155000,1962000,0,0,0,1962000,0,925000,0,0,0,925000,3042000,796000,560000,236000,0,0,236000,0,0,0,0,39000,197000,8000,0,0,0,0,189000,0,0,0),(152,53,2,'00018158','12300','16','47.25.1',0,0,0,0,0,0,0,0,0,0,133000,0,0,0,52000,0,185000,185000,0,0,0,0,0,0,185000,0,0,0,0,0,0,0,0,0,0,0,185000,1650000,1465000,185000,0,0,185000,0,0,0,0,0,185000,10000,0,0,0,0,175000,0,0,0),(153,54,2,'00018164','12300','16','49.31.2',0,0,0,0,2850000,0,0,0,0,2850000,0,0,356000,0,2000,0,358000,3208000,0,0,0,0,0,0,442000,0,0,0,0,0,1700000,406000,0,0,660000,2766000,3208000,7928000,7316000,612000,0,0,612000,0,0,0,0,0,612000,180000,0,0,0,0,432000,0,0,0),(154,55,2,'00018170','12300','16','22.23',0,0,0,0,0,0,0,30000,0,30000,1245000,0,77000,0,81000,0,1403000,1433000,10000,0,0,0,0,19000,29000,800000,0,0,0,800000,52000,552000,0,0,0,604000,1433000,504000,409000,95000,0,180000,-85000,0,0,0,0,65000,-150000,0,0,0,30000,0,-120000,0,0,-120000),(155,57,2,'00018247','12300','16','46.34.1',0,0,0,0,0,0,0,0,0,0,7638000,0,6587000,0,176000,0,14401000,14401000,0,0,0,0,0,0,14284000,0,0,0,0,0,0,117000,0,0,0,117000,14401000,78896000,67361000,11535000,0,0,11535000,0,0,0,513000,7208000,4840000,2062000,0,0,0,0,2778000,0,0,0),(156,58,2,'00018253','12300','16','46.73',0,0,0,0,0,0,0,0,0,0,560000,0,139000,0,3000,0,702000,701000,0,0,0,0,0,0,406000,30000,0,0,0,30000,140000,125000,0,0,0,265000,701000,48720000,48207000,513000,0,0,513000,0,0,0,0,22000,491000,98000,0,0,0,0,393000,0,0,0),(157,107,2,'00018260','12300','16','33.15',0,0,0,0,0,0,0,0,0,0,1304000,0,2030000,0,218000,0,3552000,3552000,10000,0,0,0,0,2393000,2403000,0,0,0,0,0,0,1149000,0,0,0,1149000,3552000,9070000,46000,9024000,0,8044000,980000,0,1000,0,1000,565000,417000,83000,0,0,0,0,334000,0,0,334000),(158,108,2,'00018276','12300','16','52.29',0,0,0,0,0,0,0,0,0,0,0,0,0,0,10000,0,10000,10000,0,0,0,0,0,0,10000,0,0,0,0,0,0,0,0,0,0,0,10000,10000,0,10000,0,0,10000,0,0,0,0,0,10000,0,0,0,0,0,10000,0,0,0),(159,60,2,'00018313','12300','16','46.42',0,0,0,0,0,0,0,0,0,0,9374000,0,398000,0,29000,0,9800000,9800000,10000,0,0,0,0,-152000,-142000,233000,0,0,0,233000,30000,9680000,0,0,0,9710000,9800000,254000,36000,218000,10000,340000,-132000,0,0,0,0,28000,-160000,0,0,0,0,0,-160000,0,0,-160000),(160,61,2,'00018325','12300','16','43.99.4',0,0,0,0,0,0,0,0,0,0,0,0,0,0,0,0,0,0,0,0,0,0,0,0,0,0,0,0,0,0,0,0,0,0,0,0,0,0,0,0,0,0,0,0,0,0,0,0,0,0,0,0,0,0,0,0,0,0),(161,62,2,'00018336','12300','16','52.24',0,0,0,0,0,0,0,0,0,0,0,0,1510000,0,635000,0,2145000,2145000,0,0,0,0,0,0,661000,0,0,0,0,0,0,1484000,0,0,0,1484000,2145000,89094000,88597000,497000,0,0,497000,0,0,0,0,66000,431000,86000,0,0,0,0,345000,0,0,0),(162,63,2,'00018371','12300','16','93.29.9',0,0,0,0,103000,0,0,0,0,103000,112000,0,0,0,0,0,112000,215000,0,0,0,0,0,0,-511000,726000,0,0,0,726000,0,0,0,0,0,0,215000,0,11000,-11000,0,0,-11000,0,0,0,0,0,-11000,0,0,0,0,0,-11000,0,0,0),(163,64,2,'00018402','12300','16','52.29',0,0,0,0,0,0,0,2000,0,2000,7558000,0,3193000,0,1895000,2000,12648000,12650000,10000,0,0,0,0,271000,281000,0,0,0,0,0,0,12369000,0,0,0,12369000,12650000,6521000,5726000,795000,639000,0,156000,0,0,0,273000,84000,345000,69000,0,0,0,0,276000,0,0,276000),(164,65,2,'00018419','12300','16','46.38',0,0,0,0,0,0,0,0,0,0,0,0,419000,0,87000,0,506000,505000,0,0,0,0,0,0,502000,0,0,0,0,0,0,4000,0,0,0,4000,505000,0,135000,-135000,0,0,-135000,0,0,31000,0,8000,-174000,24000,0,0,0,0,-198000,0,0,0),(165,66,2,'00018425','12300','16','46.49',0,0,0,0,0,0,0,0,0,0,4399000,0,2735000,0,390000,0,7524000,7524000,0,0,0,0,0,0,1175000,5975000,0,0,0,5975000,0,374000,0,0,0,374000,7524000,10815000,9374000,1441000,0,0,1441000,0,0,262000,0,163000,1016000,203000,0,0,0,0,813000,0,0,0),(166,67,2,'00018448','12300','16','46.90',0,0,0,0,0,0,0,0,0,0,4055000,0,2807000,0,209000,0,7071000,7071000,0,0,0,0,0,0,251000,0,0,0,0,0,10000,6810000,0,0,0,6820000,7071000,1678000,1505000,173000,0,0,173000,0,0,0,0,57000,116000,24000,0,0,0,0,92000,0,0,0),(167,68,2,'00018454','12300','16','46.49.49',0,0,0,0,0,0,0,0,0,0,4056000,0,4582000,0,7000,0,8645000,8646000,0,0,0,0,0,0,-174000,0,0,0,0,0,2440000,6380000,0,0,0,8820000,8646000,12120000,12211000,-91000,0,0,-91000,0,0,0,12717000,12802000,-176000,0,0,0,0,0,-176000,0,0,0),(168,70,2,'00018595','12300','16','46.21.11',0,0,0,0,1963000,0,0,0,0,1963000,2170000,741000,326000,0,14000,1029000,4279000,6242000,10000,0,0,0,0,19000,29000,0,0,0,0,0,5881000,332000,0,0,0,6213000,6242000,128000,35000,93000,0,91000,2000,0,0,0,0,0,2000,2000,0,0,0,0,0,0,0,0),(169,71,2,'00018632','12300','16','52.29',0,0,0,0,0,0,0,97000,0,97000,24940000,8000,33230000,0,170000,0,58348000,58446000,10000,0,0,0,0,5331000,5341000,0,0,0,0,0,0,53105000,0,0,0,53105000,58446000,162289000,149176000,13113000,11185000,0,1928000,0,0,0,1597000,3163000,362000,1430000,0,0,0,0,-1068000,0,0,-1068000),(170,73,2,'00018655','12300','16','69.20',0,0,0,0,0,0,0,0,0,0,0,0,0,0,0,10000,10000,10000,10000,0,0,0,0,0,10000,0,0,0,0,0,0,0,0,0,0,0,10000,0,0,0,0,0,0,0,0,0,0,0,0,0,0,0,0,0,0,0,0,0),(171,74,2,'00018661','12300','16','46.33',0,0,0,0,0,0,0,0,0,0,0,0,0,0,0,10000,10000,10000,10000,0,0,0,0,0,10000,0,0,0,0,0,0,0,0,0,0,0,10000,0,0,0,0,0,0,0,0,0,0,0,0,0,0,0,0,0,0,0,0,0),(172,109,2,'00018684','12300','16','74.30',0,0,0,0,0,0,0,0,0,0,0,0,924000,0,22000,0,946000,946000,0,0,0,0,0,0,440000,0,0,0,0,0,0,506000,0,0,0,506000,946000,1090000,474000,616000,0,0,616000,0,0,0,1000,24000,593000,153000,0,0,0,0,440000,0,0,0),(173,110,2,'00018709','12300','16','33.13',0,0,0,0,0,0,0,208000,0,208000,1160000,0,6612000,0,55000,0,7827000,8034000,10000,0,0,0,0,-796000,-786000,960000,0,0,0,960000,0,7861000,0,0,0,7861000,8034000,9418000,3000,9415000,0,9452000,-37000,0,0,0,729000,970000,-278000,9000,0,65000,0,-2000,-224000,0,0,-224000),(174,75,2,'00018715','12300','16','46.31',0,0,0,0,7071000,0,0,0,0,7071000,237000,0,274000,0,129000,0,641000,7712000,10000,0,0,0,0,0,10000,0,0,0,0,0,0,7702000,0,0,0,7702000,7712000,12294000,10049000,2245000,0,4131000,-1886000,0,0,0,2162000,276000,0,0,0,0,0,0,0,0,0,0),(175,76,2,'00018721','12300','16','46.69.5',0,0,0,0,0,0,0,0,0,0,241000,0,726000,0,327000,0,1294000,1294000,0,0,0,0,0,0,326000,0,0,0,0,0,0,968000,0,0,0,968000,1294000,5308000,5042000,266000,0,0,266000,0,0,0,20000,27000,259000,52000,0,0,0,0,207000,0,0,0),(176,77,2,'00018879','20101','16','68.32',0,0,0,0,0,0,0,0,0,0,0,0,0,0,0,0,0,0,0,0,0,0,0,0,0,0,0,0,0,0,0,0,0,0,0,0,0,0,0,0,0,0,0,0,0,0,0,0,0,0,0,0,0,0,0,0,0,0),(177,78,2,'00018902','12300','16','62.01',0,0,0,0,0,0,0,0,0,0,7000,0,31140000,0,22000,0,31169000,31169000,0,0,0,0,0,0,31085000,0,0,0,0,0,0,84000,0,0,0,84000,31169000,129874000,4173000,125701000,0,0,125701000,0,0,0,2412000,22000,128091000,7669000,0,0,0,0,120422000,0,0,0),(178,79,2,'00018939','12300','16','46.16',0,0,0,0,0,0,0,0,0,0,10000,0,0,0,0,0,10000,10000,10000,0,0,0,0,0,10000,0,0,0,0,0,0,0,0,0,0,0,10000,0,0,0,0,0,0,0,0,0,0,0,0,0,0,0,0,0,0,0,0,0),(179,111,2,'00018968','12300','16','68.32',0,0,0,0,0,0,0,0,0,0,7435000,0,2036000,0,224000,0,9694000,9694000,10000,0,0,0,0,580000,590000,3542000,0,0,0,3542000,0,5562000,0,0,0,5562000,9694000,4258000,0,4258000,0,0,4258000,0,0,0,0,8000,4250000,0,0,0,0,0,4250000,0,0,4250000),(180,112,2,'00018980','12300','16','74.30',0,0,0,0,0,0,0,0,0,0,10000,0,0,0,0,0,10000,10000,0,0,0,0,0,0,10000,0,0,0,0,0,0,0,0,0,0,0,10000,28000,30000,-2000,0,0,-2000,0,0,0,0,0,-2000,1000,0,0,0,0,-3000,0,0,0),(181,81,2,'00018997','12300','16','30.20.9',0,0,0,0,4036000,0,0,0,0,4036000,240000,51000,667000,0,9000,0,968000,5004000,0,0,0,0,0,197000,197000,0,0,0,0,0,35000,4772000,0,0,0,4807000,5004000,9057000,6194000,2863000,0,2907000,-44000,0,0,0,75000,31000,0,0,0,0,0,0,0,0,0,0),(182,82,2,'00019005','12300','16','47.11',0,0,0,0,0,0,0,0,0,0,597000,0,35000,0,139000,0,771000,771000,0,0,0,0,0,0,557000,0,0,0,0,0,0,214000,0,0,0,214000,771000,4182000,3797000,385000,0,0,385000,0,0,0,0,125000,260000,56000,0,0,0,0,204000,0,0,0),(183,113,2,'00019011','12300','16','46.90',0,0,0,0,0,0,0,0,0,0,0,0,0,0,10000,0,10000,10000,0,0,0,0,0,0,10000,0,0,0,0,0,0,0,0,0,0,0,10000,0,0,0,0,0,0,0,0,0,0,0,0,0,0,0,0,0,0,0,0,0),(184,83,2,'00019175','12300','16','46.74',0,0,0,0,0,0,0,0,0,0,519000,0,1800000,0,247000,0,2566000,2566000,0,0,0,0,0,0,1068000,0,0,0,0,0,1416000,82000,0,0,0,1498000,2566000,17387000,15992000,1395000,0,0,1395000,0,0,0,10000,148000,1257000,199000,0,0,0,0,1058000,0,0,0),(185,84,2,'00019258','12300','16','28.12',0,0,0,0,400000,0,0,0,0,400000,1304000,0,56933000,0,605000,0,58842000,59241000,0,0,0,0,0,0,-8797000,5000,0,0,0,5000,0,68034000,0,0,0,68034000,59241000,24809000,33339000,-8530000,0,0,-8530000,0,0,0,0,302000,-8832000,0,0,0,0,0,-8832000,0,0,0),(186,114,2,'00019749','20101','16','68.32.2',0,0,0,0,0,0,0,0,0,0,0,0,0,0,0,0,0,0,0,0,0,0,0,0,0,0,0,0,0,0,0,0,0,0,0,0,0,0,0,0,0,0,0,0,0,0,0,0,0,0,0,0,0,0,0,0,0,0),(187,86,2,'00019761','12300','16','01.11',0,0,0,0,12453000,0,0,0,0,12453000,31950000,0,85000,0,3770000,0,35805000,48258000,0,0,0,0,0,0,17021000,3700000,0,0,0,3700000,9841000,17696000,0,0,0,27537000,48258000,15788000,8905000,6883000,0,0,6883000,0,0,0,786000,146000,7523000,0,0,0,0,0,7523000,0,0,0),(188,87,2,'00019778','12300','16','64.99',0,0,0,0,0,0,0,0,0,0,0,0,43334000,0,2727000,0,46061000,46061000,0,0,0,0,0,0,38342000,2061000,0,0,0,2061000,0,5658000,0,0,0,5658000,46061000,0,4139000,-4139000,0,0,-4139000,0,0,0,67515000,1669000,61707000,3868000,0,0,0,0,57839000,0,0,0),(189,88,2,'00019784','12300','16','46.43',0,0,0,0,7705000,0,0,0,189000,7894000,39311000,3344000,22208000,0,870000,0,65734000,73627000,10000,0,0,0,0,24943000,24953000,0,21000,0,0,21000,0,48654000,0,0,0,48654000,73627000,472439000,440459000,31980000,10700000,0,21280000,0,0,0,29000,722000,20587000,4252000,-126000,9000,0,0,16344000,0,0,16344000),(190,89,2,'00019790','12300','16','46.38.1',0,0,0,0,0,0,0,0,0,0,6777000,0,132000,0,17000,0,6926000,6926000,0,0,0,0,0,0,1582000,5230000,0,0,0,5230000,0,114000,0,0,0,114000,6926000,16022000,15865000,157000,0,0,157000,0,0,0,0,22000,135000,145000,0,0,0,0,-10000,0,0,0),(191,90,2,'00019809','12300','16','01.11',0,0,0,0,0,0,0,0,0,0,58000,0,0,0,76000,0,134000,134000,0,0,0,0,0,0,134000,0,0,0,0,0,0,0,0,0,0,0,134000,4932000,4798000,134000,0,0,134000,0,0,0,0,14000,120000,65000,0,0,0,0,55000,0,0,0),(192,91,2,'00019821','12300','16','62.01',0,0,0,0,838000,0,0,0,0,838000,0,0,412000,0,36000,0,448000,1286000,10000,0,0,0,0,664000,674000,584000,0,0,0,584000,0,27000,0,0,0,27000,1286000,14904000,0,14904000,0,14358000,546000,0,0,0,19147000,19329000,364000,0,0,0,0,-149000,215000,0,0,215000),(193,92,2,'00019838','12300','16','68.31',0,0,0,0,0,0,0,0,0,0,0,0,55000,0,5000,0,60000,60000,0,0,0,0,0,0,-972000,1020000,0,0,0,1020000,0,12000,0,0,0,12000,60000,352000,1275000,-923000,0,0,-923000,0,0,0,0,22000,-945000,11000,0,0,0,0,-956000,0,0,0),(194,93,2,'00019873','12300','16','47.29',0,0,0,0,0,0,0,0,0,0,0,0,10000,0,0,0,10000,10000,0,0,0,0,0,0,10000,0,0,0,0,0,0,0,0,0,0,0,10000,0,0,0,0,0,0,0,0,0,0,0,0,0,0,0,0,0,0,0,0,0),(195,94,2,'00019887','12300','16','45.20',0,0,0,0,0,0,0,0,0,0,0,0,0,0,10000,0,10000,10000,0,0,0,0,0,0,-333000,0,0,0,0,0,343000,0,0,0,0,343000,10000,35000,138000,-103000,0,0,-103000,0,0,0,0,12000,-115000,2000,0,0,0,0,-117000,0,0,0),(196,95,2,'00019904','12300','16','46.38',0,0,0,0,0,0,0,0,0,0,2106000,0,2409000,0,1260000,0,5775000,5775000,10000,0,0,0,0,-100000,-90000,0,0,0,0,0,2580000,3279000,0,0,6000,5865000,5775000,10982000,9993000,989000,969000,0,20000,0,0,0,0,85000,-65000,0,0,0,0,0,-65000,0,0,-65000),(197,96,2,'00019927','12300','16','46.90',0,0,0,0,0,0,0,0,0,0,0,0,0,0,12000,0,12000,12000,12000,0,0,0,0,0,12000,0,0,0,0,0,0,0,0,0,0,0,12000,0,0,0,0,0,0,0,0,0,0,0,0,0,0,0,0,0,0,0,0,0),(198,97,2,'00019941','12300','16','16.23.2',0,0,0,0,0,0,0,0,0,0,10000,0,0,0,0,0,10000,10000,0,0,0,0,0,0,10000,0,0,0,0,0,0,0,0,0,0,0,10000,0,0,0,0,0,0,0,0,0,0,0,0,0,0,0,0,0,0,0,0,0),(199,98,2,'00019956','12300','16','46.12.22',0,0,0,0,0,0,0,0,0,0,0,0,56000,0,26000,0,82000,82000,0,0,0,0,0,0,10000,0,0,0,0,0,0,72000,0,0,0,72000,82000,7163000,7084000,79000,0,0,79000,0,0,0,0,0,79000,72000,0,0,0,0,7000,0,0,0),(200,99,2,'00019962','12300','16','43.99.4',0,0,0,0,0,0,0,0,0,0,0,0,0,0,10000,0,10000,10000,10000,0,0,0,0,0,10000,0,0,0,0,0,0,0,0,0,0,0,10000,0,0,0,0,0,0,0,0,0,0,0,0,0,0,0,0,0,0,0,0,0),(201,10,3,'00007485','12300','16','62.01',0,0,0,0,0,0,0,0,0,0,660000,0,953000,0,281000,0,1894000,1895000,0,0,0,1702000,0,0,1702000,0,0,0,0,0,0,193000,0,0,0,193000,1895000,5350000,3252000,2098000,0,0,2098000,0,0,0,41000,59000,2080000,158000,0,0,0,0,1922000,0,0,0),(202,12,3,'00008237','12300','16','86.23',0,0,0,0,102000,0,0,0,0,102000,0,0,2020000,0,274000,0,2294000,2396000,0,0,0,0,0,0,2334000,0,0,0,0,0,0,61000,0,0,0,61000,2396000,7043000,5731000,1312000,0,0,1312000,0,0,2000,0,172000,1138000,254000,0,0,0,0,884000,0,0,0),(203,13,3,'00008243','65','16','60.10',0,0,0,0,0,0,0,0,0,0,0,0,42000,0,0,0,42000,42000,10000,0,0,0,0,-178000,-168000,0,0,0,0,0,133000,10000,0,0,67000,210000,42000,624000,263000,361000,811000,0,-450000,0,0,0,0,0,-450000,18000,0,0,0,0,-468000,0,0,-468000),(204,105,3,'00009047','12300','16','79.11',0,0,0,0,0,0,0,0,0,0,0,0,0,0,427000,0,427000,427000,0,0,0,0,0,0,265000,0,0,0,0,0,0,162000,0,0,0,162000,427000,2140000,1979000,161000,0,0,161000,0,0,0,0,0,161000,24000,0,0,0,0,137000,0,0,0),(205,32,3,'00009067','12300','16','46.49',0,0,0,0,0,0,0,0,0,0,52000,0,18000,0,0,0,70000,70000,0,0,0,0,0,0,-287000,0,0,0,0,0,355000,2000,0,0,0,357000,70000,0,0,0,0,0,0,0,0,0,0,0,0,0,0,0,0,0,0,0,0,0),(206,115,3,'00043676','12300','16','85.41.9',0,0,0,0,0,0,0,0,0,0,0,0,25000,0,10000,0,35000,35000,0,0,0,0,0,0,35000,0,0,0,0,0,0,0,0,0,0,0,35000,214000,151000,63000,0,0,63000,0,0,0,0,0,63000,0,0,0,0,0,63000,0,0,0),(207,116,3,'00044517','12300','16','10.61.3',0,0,0,0,0,0,0,0,0,0,196000,0,4106000,0,83000,0,4385000,4385000,0,0,0,0,0,0,134000,0,0,0,0,0,0,4251000,0,0,0,4251000,4385000,25931000,25731000,200000,0,0,200000,0,0,0,0,51000,149000,25000,0,0,0,0,124000,0,0,0),(208,117,3,'00044546','12300','16','63.91',0,0,0,0,0,0,0,0,0,0,0,0,43000,0,5000,0,48000,48000,0,0,0,0,0,0,-30000,75000,0,0,0,75000,0,3000,0,0,0,3000,48000,139000,149000,-10000,0,0,-10000,0,0,0,0,8000,-18000,1000,0,0,0,0,-19000,0,0,0),(209,118,3,'00044687','12300','16','46.73',0,0,0,0,0,0,0,0,0,0,0,0,0,0,10000,0,10000,10000,10000,0,0,0,0,0,10000,0,0,0,0,0,0,0,0,0,0,0,10000,0,0,0,0,0,0,0,0,0,0,0,0,0,0,0,0,0,0,0,0,0),(210,119,3,'00044718','12300','16','49.4',0,0,0,0,0,0,0,0,0,0,259000,3000,1395000,0,10000,0,1667000,1667000,10000,0,0,0,0,142000,152000,0,0,0,0,0,0,1515000,0,0,0,1515000,1667000,0,0,0,0,0,0,0,0,0,0,0,0,0,0,0,0,0,0,0,0,0),(211,120,3,'00048202','12300','16','41.20',0,0,0,0,0,0,0,0,0,0,153000,0,1581000,0,2000,0,1736000,1736000,0,0,0,0,0,0,288000,0,0,0,0,0,0,1447000,0,0,0,1447000,1735000,2057000,2020000,37000,0,0,37000,0,0,0,0,31000,6000,32000,0,0,0,0,-26000,0,0,0),(212,121,3,'00048254','12300','16','46.11.3',0,0,0,0,0,0,0,0,0,0,0,361000,235000,0,83000,0,679000,679000,10000,0,0,0,0,257000,267000,281000,0,0,0,281000,6000,125000,0,0,0,131000,679000,10963000,9226000,1737000,5000,1360000,372000,0,0,96000,0,26000,250000,50000,0,0,0,0,200000,0,0,200000),(213,122,3,'00048337','12300','16','43.21',0,0,0,0,0,0,0,0,0,0,0,0,702000,0,15000,0,717000,717000,0,0,0,0,0,0,91000,0,0,0,0,0,0,626000,0,0,0,626000,717000,4499000,4189000,310000,0,0,310000,0,0,0,0,33000,277000,60000,0,0,0,0,217000,0,0,0),(214,123,3,'00048356','12300','16','10.72',0,0,0,0,0,0,0,0,0,0,1099000,0,168000,0,101000,0,1368000,1368000,0,0,0,0,0,0,-217000,1272000,0,0,0,1272000,1000,312000,0,0,0,313000,1368000,635000,626000,9000,0,0,9000,0,0,0,0,38000,-29000,0,0,0,0,0,-29000,0,0,0),(215,124,3,'00048372','12300','16','47.30',0,0,0,0,2634000,0,0,0,0,2634000,29632000,0,13797000,0,1993000,0,45422000,48056000,0,0,0,0,0,0,3464000,0,0,0,0,0,21762000,22830000,0,0,0,44592000,48056000,257080000,252575000,4505000,0,0,4505000,0,0,248000,310000,2081000,2486000,222000,0,0,0,0,2264000,0,0,0),(216,125,3,'00048403','12300','16','46.44.1',0,0,0,0,0,0,0,0,0,0,159000,0,679000,0,1000,0,839000,839000,0,0,0,0,0,0,204000,0,0,0,0,0,369000,266000,0,0,0,635000,839000,2761000,2723000,38000,0,0,38000,0,0,0,6000,11000,33000,37000,0,0,0,0,-4000,0,0,0),(217,126,3,'00048426','12300','16','96.09',0,0,0,0,0,0,0,0,0,0,0,0,0,0,10000,0,10000,10000,10000,0,0,0,0,0,10000,0,0,0,0,0,0,0,0,0,0,0,10000,0,0,0,0,0,0,0,0,0,0,0,0,0,0,0,0,0,0,0,0,0),(218,127,3,'00048449','12300','16','46.71',0,0,0,0,0,0,0,0,0,0,5000,0,52000,0,18000,0,75000,75000,0,0,0,0,0,0,10000,0,0,0,0,0,0,65000,0,0,0,65000,75000,9004000,8870000,134000,0,0,134000,0,0,0,0,123000,11000,2000,0,0,0,0,9000,0,0,0),(219,128,3,'00048461','12300','16','86.90.9',0,0,0,0,0,0,0,0,0,0,0,0,37000,0,0,0,37000,37000,10000,0,0,0,0,27000,37000,0,0,0,0,0,0,0,0,0,0,0,37000,411000,380000,31000,0,0,31000,0,0,0,0,0,31000,4000,0,0,0,0,27000,0,0,27000),(220,129,3,'00048484','12300','16','49.41',0,0,0,0,0,0,0,0,0,0,0,0,12000,0,443000,0,455000,455000,10000,0,0,0,0,25000,35000,0,0,0,0,0,0,420000,0,0,0,420000,455000,18556000,0,18556000,18535000,0,21000,0,0,0,0,0,21000,0,0,0,0,-13000,8000,0,0,8000),(221,130,3,'00048596','12300','16','46.69',0,0,0,0,0,0,0,0,0,0,73000,33000,328000,0,1450000,0,1884000,1884000,10000,0,0,0,0,911000,921000,0,0,0,0,0,0,963000,0,0,0,963000,1884000,20221000,16142000,4079000,2738000,630000,711000,0,0,0,17000,96000,632000,137000,0,0,0,0,495000,0,0,495000),(222,131,3,'00048604','12300','16','92.23',0,0,0,0,0,0,0,0,0,0,0,0,0,0,0,0,0,0,10000,0,0,0,0,-66000,-56000,50000,0,0,0,50000,0,6000,0,0,0,6000,0,0,0,0,0,0,0,0,0,0,0,0,0,0,0,0,0,0,0,0,0,0),(223,132,3,'00048610','12300','16','46.90',0,0,0,0,0,0,0,0,0,0,1279000,0,1720000,0,0,0,2999000,2998000,0,0,0,0,0,0,200000,0,0,0,0,0,0,2798000,0,0,0,2798000,2998000,20047000,19967000,80000,0,0,80000,0,0,0,0,0,80000,80000,0,0,0,0,0,0,0,0),(224,133,3,'00048627','12300','16','46.18',0,0,0,0,0,0,0,0,0,0,17000,0,6463000,0,0,0,6480000,6480000,10000,0,0,0,0,2184000,2194000,0,0,0,0,0,724000,3562000,0,0,0,4286000,6480000,7958000,5946000,2012000,260000,0,1752000,0,0,0,0,124000,1628000,0,0,0,0,-24000,1604000,0,0,1604000),(225,134,3,'00048640','12300','16','56.30',0,0,0,0,0,0,0,0,0,0,25000,0,0,0,0,0,25000,25000,25000,0,0,0,0,0,25000,0,0,0,0,0,0,0,0,0,0,0,25000,0,0,0,0,0,0,0,0,0,0,0,0,0,0,0,0,0,0,0,0,0),(226,135,3,'00048679','20107','16','85.41',0,0,0,0,0,0,0,0,0,0,0,0,43000,0,15000,0,58000,58000,0,0,0,0,0,0,-214000,0,0,0,0,0,128000,144000,0,0,0,272000,58000,0,0,0,0,0,0,0,0,0,0,0,0,0,0,0,0,0,0,0,0,0),(227,136,3,'00048685','12300','16','43.21',0,0,0,0,0,0,0,0,0,0,9000,0,229000,0,0,227000,465000,465000,10000,0,0,0,0,1000,11000,0,0,0,0,0,0,454000,0,0,0,454000,465000,0,0,0,0,0,0,0,0,0,0,0,0,0,0,0,0,0,0,0,0,0),(228,137,3,'00048691','71400','16','72.20',0,0,0,0,83000,0,0,0,0,83000,376000,0,0,0,0,0,376000,459000,0,0,0,0,459000,0,459000,0,0,0,0,0,0,0,0,0,0,0,459000,0,0,0,0,0,0,0,0,0,0,0,0,0,0,0,0,0,0,0,0,0),(229,138,3,'00048716','12300','16','46.90',0,0,0,0,0,0,0,0,0,0,731000,0,1927000,0,0,0,2658000,2658000,0,0,0,0,0,0,87000,0,0,0,0,0,0,2571000,0,0,0,2571000,2658000,21401000,21368000,33000,0,0,33000,0,0,0,0,0,33000,7000,0,0,0,0,26000,0,0,0),(230,139,3,'00051859','12300','16','86.23',0,0,0,0,0,0,0,0,0,0,88000,0,0,0,3000,40000,131000,131000,10000,0,0,0,0,17000,27000,0,0,0,0,0,103000,2000,0,0,0,104000,131000,187000,0,187000,0,132000,55000,0,0,0,0,32000,23000,6000,0,0,0,0,17000,0,0,17000),(231,140,3,'00051902','12300','16','25.21',0,0,0,0,0,0,0,0,0,0,2202000,0,1004000,0,1946000,0,5152000,5152000,0,0,0,0,0,0,909000,0,0,0,0,0,151000,4092000,0,0,0,4243000,5152000,7987000,7949000,38000,0,0,38000,0,0,0,137000,119000,56000,56000,0,0,0,0,0,0,0,0),(232,141,3,'00052209','12300','16','70.22',0,0,0,0,0,0,0,0,0,0,192000,0,52000,0,1000,0,245000,245000,0,0,0,0,0,0,-88000,0,0,0,0,0,241000,92000,0,0,0,333000,245000,0,0,0,0,0,0,0,0,0,1000,15000,-14000,0,0,0,0,0,-14000,0,0,0),(233,142,3,'00052215','12300','16','43.99',0,0,0,0,0,0,0,0,0,0,3541000,0,76870000,0,1370000,0,81781000,81781000,0,0,0,0,0,0,1287000,0,0,0,0,0,7000,80486000,0,0,0,80493000,81781000,48885000,47323000,1562000,0,0,1562000,0,0,0,791000,1642000,711000,142000,0,0,0,0,569000,0,0,0),(234,143,3,'00052385','12300','16','56.10.1',0,0,0,0,0,0,0,0,0,0,0,0,62000,0,178000,0,240000,240000,0,0,0,0,0,0,240000,0,0,0,0,0,0,0,0,0,0,0,240000,0,322000,-322000,0,0,-322000,0,0,0,21000,25000,-326000,0,0,0,0,0,-326000,0,0,0),(235,144,3,'00052439','12300','16','10.20',0,0,0,0,0,0,0,0,0,0,0,0,0,0,0,0,0,0,10000,0,0,0,0,-93000,-83000,0,0,0,0,0,75000,8000,0,0,0,83000,0,0,15000,-15000,0,0,-15000,0,0,0,0,0,-15000,0,0,0,0,0,-15000,0,0,-15000),(236,145,3,'00052445','12300','16','46.73',0,0,0,0,0,0,0,0,0,0,0,0,0,0,0,10000,10000,10000,10000,0,0,0,0,0,10000,0,0,0,0,0,0,0,0,0,0,0,10000,0,0,0,0,0,0,0,0,0,0,0,0,0,0,0,0,0,0,0,0,0),(237,146,3,'00052497','12300','16','10.51.9',0,0,0,0,1585000,0,0,0,0,1585000,11118000,0,896000,0,192000,220000,12426000,14011000,15000,0,0,0,0,837000,852000,0,0,0,1444000,1444000,7127000,4587000,0,0,0,11714000,14011000,18696000,16389000,2307000,0,1970000,337000,0,0,0,0,49000,288000,58000,0,0,0,0,230000,0,0,230000),(238,147,3,'00052534','12300','16','45.20',0,0,0,0,0,0,0,0,0,0,10000,0,0,0,0,0,10000,10000,10000,0,0,0,0,0,10000,0,0,0,0,0,0,0,0,0,0,0,10000,0,0,0,0,0,0,0,0,0,0,0,0,0,0,0,0,0,0,0,0,0),(239,148,3,'00052563','12300','41','72.19',0,0,8000,0,0,0,0,0,0,8000,0,0,11000,0,0,0,11000,19000,20000,0,0,0,0,-1000,19000,0,0,0,0,0,0,0,0,0,0,0,19000,0,0,0,0,0,0,0,0,0,0,0,0,0,0,0,0,0,0,0,0,0),(240,149,3,'00052623','12300','16','41.20',0,0,0,0,0,0,0,0,0,0,745000,0,50000,0,18064000,0,18859000,18859000,10000,0,0,0,0,185000,195000,18319000,0,0,0,18319000,0,345000,0,0,0,345000,18859000,42500000,41367000,1133000,0,350000,783000,0,0,0,0,32000,751000,155000,0,0,0,0,596000,0,0,596000),(241,150,3,'00052681','12300','16','47.91.2',0,0,0,0,0,0,0,0,0,0,10000,0,0,0,0,0,10000,10000,0,0,0,0,0,0,10000,0,0,0,0,0,0,0,0,0,0,0,10000,0,0,0,0,0,0,0,0,0,0,0,0,0,0,0,0,0,0,0,0,0),(242,151,3,'00052698','12300','16','46.69',0,0,0,0,1420000,0,0,0,0,1420000,5050000,0,13248000,0,11879000,1000,30178000,31598000,10000,0,0,0,0,651000,661000,0,0,0,0,0,0,30937000,0,0,0,30937000,31598000,93473000,69225000,24248000,23596000,0,652000,0,0,0,25000,79000,598000,83000,0,0,0,0,515000,0,0,515000),(243,152,3,'00052712','20200','53','94.99',0,0,0,0,0,0,0,0,0,0,0,0,0,0,1000,0,1000,1000,0,0,0,1000,0,0,1000,0,0,0,0,0,0,0,0,0,0,0,1000,0,0,0,0,0,0,0,0,0,0,0,0,0,0,0,0,0,0,0,0,0),(244,153,3,'00052913','12300','16','35.14',0,0,0,0,461000,0,0,0,0,461000,1520000,0,373000,0,610000,0,2503000,2964000,10000,0,0,0,0,748000,758000,0,0,0,0,0,0,2206000,0,0,0,2206000,2964000,14107000,12783000,1324000,298000,376000,650000,0,0,0,0,35000,615000,123000,0,0,0,0,492000,0,0,492000),(245,154,3,'00052922','12300','16','47.91.1',0,0,0,0,0,0,0,0,0,0,0,0,0,0,8000,0,8000,8000,10000,0,0,0,0,-5000,5000,0,0,0,0,0,0,3000,0,0,0,3000,8000,119000,107000,12000,0,0,12000,0,0,0,0,17000,-5000,0,0,0,0,0,-5000,0,0,-5000),(246,155,3,'00052936','12300','16','41.20',0,0,0,0,0,0,0,0,0,0,0,0,1593000,1131000,0,0,2724000,2724000,400000,0,0,0,0,23000,423000,0,0,0,0,0,0,2301000,0,0,0,2301000,2724000,0,0,0,0,0,0,0,0,0,0,6000,-6000,0,0,0,0,0,-6000,0,0,-6000),(247,156,3,'00053054','12300','16','46.90',0,0,0,0,0,0,0,0,0,0,9432000,1000,2867000,0,539000,0,12839000,12839000,15000,0,0,0,0,1029000,1044000,0,0,0,0,0,10084000,1711000,0,0,0,11795000,12839000,25712000,21652000,4060000,3436000,0,624000,0,0,0,0,28000,596000,119000,0,0,0,0,477000,0,0,477000),(248,157,3,'00053108','12300','16','15.20',0,0,0,0,0,0,0,0,0,0,0,0,0,0,0,0,0,0,0,0,0,0,0,0,0,0,0,0,0,0,0,0,0,0,0,0,0,383000,339000,44000,0,0,44000,0,0,0,0,85000,-41000,0,0,0,0,0,-41000,0,0,-41000),(249,158,3,'00053114','12300','16','46.34.23',0,0,0,0,0,0,0,0,0,0,526000,0,852000,0,61000,0,1439000,1439000,0,0,0,0,0,0,-10462000,11021000,0,0,0,11021000,0,880000,0,0,0,880000,1439000,10826000,8113000,2713000,0,0,2713000,0,0,0,0,2207000,506000,130000,0,0,0,0,376000,0,0,0),(250,159,3,'00053155','12300','16','46.46.2',0,0,0,0,54000,0,0,0,0,54000,5853000,0,4584000,0,1795000,0,12232000,12286000,0,0,0,0,0,0,7173000,0,0,0,0,0,0,5113000,0,0,0,5113000,12286000,49599000,43239000,6360000,0,0,6360000,0,0,0,5000,201000,6164000,1248000,0,0,0,0,4916000,0,0,0),(251,160,3,'00053189','12267','16','64.99',0,0,0,0,0,0,8000000,0,0,8000000,0,0,45000,0,60000,0,105000,8105000,200000,0,0,0,0,7754000,7954000,0,0,0,0,0,0,151000,0,0,0,151000,8105000,360000,0,360000,295000,0,65000,0,0,0,0,10000,55000,7000,0,0,0,0,48000,0,0,48000),(252,161,3,'00053232','12300','16','71.11.1',0,0,0,0,0,0,0,0,0,0,1498000,0,7110000,0,1486000,0,10094000,10094000,0,0,0,0,0,0,859000,0,0,0,0,0,0,9235000,0,0,0,9235000,10094000,8788000,8481000,307000,0,0,307000,0,0,0,8000,95000,220000,44000,0,0,0,0,176000,0,0,0),(253,162,3,'00061496','12300','16','55.10',0,0,0,0,0,0,0,0,0,0,0,0,8000,0,9000,0,17000,17000,0,0,0,0,0,0,-28235000,0,0,0,0,0,0,28252000,0,0,0,28252000,17000,1243000,228000,1015000,0,0,1015000,0,0,0,37001000,68495000,-30479000,2274000,0,0,0,0,-32753000,0,0,0),(254,163,3,'00061504','65243','14','35.30',0,0,0,0,104000,0,0,0,0,104000,243000,0,4480000,0,0,0,4723000,4827000,104000,0,0,0,0,-8367000,-8263000,0,0,0,0,0,0,13090000,0,0,0,13090000,4827000,18664000,20572000,-1908000,0,0,-1908000,0,0,0,174000,1213000,-2947000,0,0,0,0,0,-2947000,0,0,-2947000),(255,164,3,'00061510','12300','16','46.21',0,0,0,0,0,0,0,0,0,0,0,0,6768000,0,32000,0,6800000,6800000,0,0,0,0,0,0,5671000,0,0,0,0,0,0,1129000,0,0,0,1129000,6800000,0,715000,-715000,0,0,-715000,0,0,0,0,27000,-742000,0,0,0,0,0,-742000,0,0,0),(256,165,3,'00061562','12300','16','31.09',0,0,0,0,0,0,0,0,0,0,12949000,0,3500000,0,2205000,0,18654000,18654000,10000,0,0,0,0,7704000,7714000,0,0,0,0,0,3690000,6840000,0,0,410000,10940000,18654000,78515000,57591000,20924000,11695000,3897000,5332000,0,0,0,0,1240000,4092000,0,0,0,0,0,4092000,0,0,4092000),(257,166,3,'00062254','12300','16','49.41',0,0,0,0,0,0,0,0,0,0,0,0,90000,0,422000,0,512000,512000,10000,0,0,0,0,76000,86000,0,0,0,0,0,124000,302000,0,0,0,426000,512000,0,0,0,0,0,0,0,0,0,315000,304000,11000,2000,0,0,0,0,9000,0,0,9000),(258,167,3,'00065672','12300','16','46.69.5',0,0,0,0,0,0,0,0,0,0,56288000,4359000,44094000,0,208000,1000,104950000,104950000,10000,0,0,0,0,101760000,101770000,0,0,0,0,0,0,3180000,0,0,0,3180000,104950000,245757000,210911000,34846000,16425000,0,18421000,0,0,0,400000,1100000,17721000,1299000,0,0,0,-2000,16420000,0,0,16420000),(259,168,3,'00065689','12300','16','96.09',0,0,0,0,0,0,0,0,0,0,0,0,49000,0,20000,0,69000,69000,0,0,0,0,0,0,-74000,0,0,0,0,0,121000,22000,0,0,0,143000,69000,386000,313000,73000,0,0,73000,0,0,0,0,21000,52000,21000,0,0,0,0,31000,0,0,0),(260,169,3,'00065755','12300','16','96.09',0,0,0,0,0,0,0,0,0,0,0,0,1125000,0,147000,0,1272000,1272000,0,0,0,0,0,0,819000,0,0,0,0,0,393000,60000,0,0,0,453000,1272000,8658000,7651000,1007000,0,0,1007000,0,0,0,5000,81000,931000,233000,0,0,0,0,698000,0,0,0),(261,170,3,'00065790','12300','16','96.09',0,0,0,0,0,0,0,0,0,0,0,0,2160000,0,257000,0,2417000,2417000,0,0,0,0,0,0,1382000,0,0,0,0,0,703000,332000,0,0,0,1035000,2417000,18986000,16525000,2461000,0,0,2461000,0,0,0,0,173000,2288000,886000,0,0,0,0,1402000,0,0,0),(262,171,3,'00065809','12300','16','43.21',0,0,0,0,0,0,0,0,0,0,0,0,11000,0,0,0,11000,11000,0,0,0,0,0,0,5000,0,0,0,0,0,6000,1000,0,0,0,7000,12000,0,5000,-5000,0,0,-5000,0,0,0,0,7000,-12000,1000,0,0,0,0,-13000,0,0,0),(263,172,3,'00066074','20109','19','46',0,0,0,0,0,0,0,0,0,0,44000,0,179000,0,173000,0,0,396000,0,0,0,178000,91000,0,0,0,0,0,60000,0,0,67000,0,0,0,0,396000,1645000,1618000,0,0,0,0,0,0,0,0,86000,0,3000,0,0,0,0,-62000,0,0,0),(264,173,3,'00066186','20600','16','70.22',0,0,0,0,0,0,0,0,0,0,0,0,0,0,0,0,0,0,0,0,0,0,0,0,0,0,0,0,0,0,0,0,0,0,0,0,0,0,0,0,0,0,0,0,0,0,0,0,0,0,0,0,0,0,0,0,0,0),(265,174,3,'00066192','71400','16','93.19',0,0,0,0,0,0,0,0,0,0,0,0,0,0,0,0,0,0,0,0,0,0,0,0,0,0,0,0,0,0,0,0,0,0,0,0,0,0,0,0,0,0,0,0,0,0,0,0,0,0,0,0,0,0,0,0,0,0),(266,175,3,'00066217','71400','16','93.11',0,0,0,0,0,0,0,0,0,0,0,0,0,0,0,0,0,0,0,0,0,0,0,0,0,0,0,0,0,0,0,0,0,0,0,0,0,0,0,0,0,0,0,0,0,0,0,0,0,0,0,0,0,0,0,0,0,0),(267,176,3,'00066275','70401','50','88.10',0,0,0,0,0,0,0,0,0,0,0,0,0,0,0,0,0,0,0,0,0,0,0,0,0,0,0,0,0,0,0,0,0,0,0,0,0,0,0,0,0,0,0,0,0,0,0,0,0,0,0,0,0,0,0,0,0,0),(268,177,3,'00066281','12300','16','41.20',0,0,0,0,0,0,0,0,0,0,134000,0,107000,0,0,0,241000,241000,0,0,0,0,0,0,-63000,300000,0,0,0,300000,0,4000,0,0,0,4000,241000,68000,122000,-54000,0,0,-54000,0,0,0,0,8000,-62000,1000,0,0,0,0,-63000,0,0,0),(269,178,3,'00066306','12300','16','72.19',0,0,0,0,3818000,0,0,0,0,3818000,2625000,0,7880000,0,696000,0,11201000,15019000,10000,0,0,0,0,7000,17000,0,0,0,0,0,128000,7349000,7525000,0,0,15002000,15019000,204000,188000,16000,0,0,16000,0,0,0,0,9000,7000,2000,0,0,0,0,5000,0,0,5000),(270,179,3,'00066861','12300','16','46.21',0,0,0,0,0,0,0,0,0,0,0,0,0,724000,0,8000,732000,732000,10000,0,0,0,0,707000,717000,0,0,0,0,0,0,15000,0,0,0,15000,732000,30436000,24868000,5568000,3541000,0,2027000,0,0,999000,1000,21000,1008000,429000,0,0,0,0,579000,0,0,579000),(271,180,3,'00068191','12300','16','62.01',0,0,0,0,0,0,0,0,0,0,0,0,206000,0,8000,0,214000,214000,0,0,0,0,0,0,-139000,27000,0,0,0,27000,0,326000,0,0,0,326000,214000,355000,478000,-123000,0,0,-123000,0,0,0,0,9000,-132000,17000,0,0,0,0,-149000,0,0,0),(272,181,3,'00077824','12300','16','68.32.1',0,0,0,0,0,0,0,0,0,0,1848000,0,18300000,0,1537000,0,21685000,21685000,0,0,0,0,0,0,7986000,0,0,0,0,0,0,13699000,0,0,0,13699000,21685000,116566000,112653000,3913000,0,0,3913000,0,0,0,1650000,225000,5338000,1096000,0,0,0,0,4242000,0,0,0),(273,182,3,'00077907','12300','16','46.49.49',0,0,0,0,0,0,0,0,0,0,59918000,0,11426000,0,315000,0,71659000,71659000,10000,0,0,0,0,8927000,8937000,0,0,0,0,0,4000000,58722000,0,0,0,62722000,71659000,189348000,156315000,33033000,27821000,0,5212000,0,0,0,45000,70000,5187000,1091000,0,0,0,0,4096000,0,0,4096000),(274,183,3,'00077942','12300','16','56.30',0,0,0,0,0,0,0,0,0,0,0,0,1409000,0,15000,0,1424000,1424000,0,0,0,0,0,0,1371000,0,0,0,0,0,0,53000,0,0,0,53000,1424000,2546000,0,2546000,0,0,2546000,0,0,0,0,1326000,1220000,154000,0,0,0,0,1066000,0,0,0),(275,184,3,'00077988','12300','16','90.0',0,0,0,0,0,0,0,0,0,0,0,0,0,0,35000,0,35000,35000,0,0,0,0,0,0,-66000,0,0,0,0,0,65000,36000,0,0,0,101000,35000,736000,127000,609000,0,0,609000,0,0,0,0,640000,-31000,44000,0,0,0,0,-75000,0,0,0),(276,185,3,'00077994','65','16','63.11',10000,0,0,0,0,0,0,0,0,10000,0,0,0,0,0,0,0,10000,10000,0,0,0,0,0,10000,0,0,0,0,0,0,0,0,0,0,0,10000,0,0,0,0,0,0,0,0,0,0,0,0,0,0,0,0,0,0,0,0,0),(277,186,3,'00078025','12300','16','45.1',0,0,0,0,0,0,0,0,0,0,38157000,0,99406000,0,1176000,0,138739000,138739000,10000,0,0,0,0,16101000,16111000,0,0,0,0,0,104120000,18508000,0,0,0,122628000,138739000,927652000,904284000,23368000,15883000,1093000,6392000,0,0,0,1027000,1538000,5881000,1176000,0,0,0,0,4705000,0,0,4705000),(278,187,3,'00082417','12300','16','46.21.14',0,0,0,0,0,0,0,0,0,0,28325000,0,13801000,1899000,2000,0,44027000,44027000,10000,0,0,0,0,1778000,1788000,156000,0,0,0,156000,0,42083000,0,0,0,42083000,44027000,72631000,64668000,7963000,6610000,0,1353000,0,0,508000,600000,165000,1280000,256000,0,0,0,0,1024000,0,0,1024000),(279,188,3,'00082423','12300','16','45.20',0,0,0,0,0,0,0,0,0,0,0,0,648000,0,2000,0,650000,650000,0,0,0,0,0,0,114000,0,0,0,0,0,0,536000,0,0,0,536000,650000,763000,704000,59000,0,0,59000,0,0,0,0,19000,40000,8000,0,0,0,0,32000,0,0,0),(280,189,3,'00082430','12300','16','47.59',0,0,0,0,0,0,0,0,0,0,1000,0,68000,0,46000,0,115000,115000,0,0,0,0,0,0,-33000,0,0,0,0,0,93000,55000,0,0,0,148000,115000,7843000,7138000,705000,0,0,705000,0,0,0,437000,212000,930000,0,0,0,0,0,930000,0,0,0),(281,190,3,'00082452','12300','16','28.25',0,0,0,0,0,0,0,0,0,0,0,0,1091000,0,376000,0,1467000,1467000,0,0,0,0,0,0,1338000,0,0,0,0,0,32000,97000,0,0,0,129000,1467000,2123000,1658000,465000,0,0,465000,0,0,0,0,53000,412000,128000,0,0,0,0,284000,0,0,0),(282,191,3,'00082469','12300','16','46.38.21',0,0,0,0,10000,0,0,0,0,10000,0,0,0,0,0,0,0,10000,10000,0,0,0,0,0,10000,0,0,0,0,0,0,0,0,0,0,0,10000,0,0,0,0,0,0,0,0,0,0,0,0,0,0,0,0,0,0,0,0,0),(283,192,3,'00085893','12300','16','47.77.2',0,0,0,0,0,0,0,0,0,0,63000,0,0,0,149000,0,212000,212000,0,0,0,0,0,0,123000,0,0,0,0,0,0,89000,0,0,0,89000,212000,3130000,2841000,289000,0,0,289000,0,0,0,0,24000,265000,178000,0,0,0,0,87000,0,0,0),(284,193,3,'00085953','12300','16','28.92',0,0,0,0,130000,0,0,0,0,130000,0,5000,588000,0,249000,5000,847000,977000,1000000,0,0,0,0,-29000,971000,0,0,0,-6000,-6000,0,12000,0,0,0,12000,977000,496000,0,496000,0,478000,18000,0,0,0,10000,21000,7000,1000,0,0,0,0,6000,0,0,6000),(285,194,3,'00085982','12300','16','46.66',2000,0,0,0,26000,0,0,0,0,28000,128000,0,4171000,0,9995000,0,14294000,14322000,10000,0,0,0,0,5487000,5497000,0,0,0,0,0,140000,8685000,0,0,0,8825000,14322000,32829000,16211000,16618000,4472000,8668000,3478000,0,0,0,108000,239000,3347000,683000,0,0,0,0,2664000,0,0,2664000),(286,195,3,'00086119','20700','16','68.32.2',0,0,0,0,0,0,0,0,0,0,0,0,1931000,0,92000,0,2023000,2023000,0,0,0,0,0,0,785000,0,0,0,0,0,0,1238000,0,0,0,1238000,2023000,4495000,4201000,294000,0,0,294000,0,0,0,0,0,294000,21000,0,0,0,0,273000,0,0,0),(287,196,3,'00086220','65','16','03.2',0,0,0,0,0,0,0,0,0,0,0,0,0,0,10000,0,10000,10000,0,0,0,0,0,0,10000,0,0,0,0,0,0,0,0,0,0,0,10000,0,0,0,0,0,0,0,0,0,0,0,0,0,0,0,0,0,0,0,0,0),(288,197,3,'00086303','12300','16','46.63',0,0,0,0,0,0,20000,0,0,20000,2943000,0,2085000,0,882000,0,5910000,5930000,0,0,0,0,0,0,-1620000,201000,0,0,0,201000,0,7349000,0,0,0,7349000,5930000,8585000,9562000,-977000,0,0,-977000,0,0,0,52000,43000,-968000,46000,0,0,0,0,-1014000,0,0,0),(289,198,3,'00086326','12300','16','46.21',0,0,0,0,0,0,0,0,0,0,115000,0,180000,0,12000,0,307000,307000,0,0,0,0,0,0,-269000,543000,0,0,0,543000,0,33000,0,0,0,33000,307000,2723000,2535000,188000,0,0,188000,0,0,0,15000,28000,175000,27000,0,0,0,0,148000,0,0,0),(290,199,3,'00086355','12300','16','70.22',0,0,0,0,0,0,0,0,0,0,0,0,476000,0,7000,0,483000,483000,0,0,0,0,0,0,432000,0,0,0,0,0,0,51000,0,0,0,51000,483000,1358000,453000,905000,0,0,905000,0,0,0,0,36000,869000,29000,0,0,0,0,840000,0,0,0),(291,200,3,'00086409','12300','16','46.21.11',0,0,0,0,0,0,0,0,0,0,10000,0,0,0,0,0,10000,10000,0,0,0,0,0,0,10000,0,0,0,0,0,0,0,0,0,0,0,10000,0,0,0,0,0,0,0,0,0,0,0,0,0,0,0,0,0,0,0,0,0),(292,201,3,'00087136','12300','16','31.02',0,0,0,0,10000,0,0,0,0,10000,0,0,0,0,0,0,0,10000,10000,0,0,0,0,0,10000,0,0,0,0,0,0,0,0,0,0,0,10000,0,0,0,0,0,0,0,0,0,0,0,0,0,0,0,0,0,0,0,0,0),(293,202,3,'00087395','12300','16','41.20',0,0,0,0,0,0,0,0,0,0,619000,26000,9282000,0,949000,10000,10887000,10887000,10000,0,0,0,0,3186000,3196000,0,0,0,0,0,0,7691000,0,0,0,7691000,10887000,52351000,46042000,6309000,0,1669000,4640000,0,0,0,0,3040000,1600000,320000,0,0,0,-2000,1278000,0,0,1278000),(294,203,3,'00087403','12300','16','46.90',0,0,0,0,0,0,0,0,0,0,0,0,322000,0,161000,0,483000,482000,0,0,0,0,0,0,223000,0,0,0,0,0,2000,257000,0,0,0,259000,482000,3639000,3587000,52000,0,0,52000,0,0,0,1000,21000,32000,0,0,0,0,0,32000,0,0,0),(295,204,3,'00087449','12300','16','45.1',0,0,0,0,185000,0,0,0,0,185000,803000,10000,1632000,0,0,291000,2736000,2921000,20000,0,0,0,0,0,20000,81000,0,0,0,81000,0,2820000,0,0,0,2820000,2921000,1984000,1288000,696000,0,696000,0,0,0,0,0,0,0,0,0,0,0,0,0,0,0,0),(296,205,3,'00087509','12300','16','46.11.31',0,0,0,0,0,0,0,0,0,0,10030000,0,107678000,0,0,0,117708000,117708000,20000,0,0,0,0,-58000,-38000,0,0,0,0,0,50000,117696000,0,0,0,117746000,117708000,25455000,25146000,309000,186000,0,123000,0,0,0,31458000,31458000,123000,24000,0,0,0,0,99000,0,0,99000),(297,206,3,'00104604','12247','16','35.12',38621000,107450000,0,0,62534635000,0,37556000,764948000,130725000,63613935000,1861538000,2450000,7057410000,0,2194482000,1179000000,12294880000,75908815000,30379335000,0,10736476000,6481916000,295260000,-12654441000,35238546000,13283239000,438719000,0,1248675000,14970633000,11395279000,12833089000,123239000,1348029000,0,25699636000,75908815000,46401079000,41461392000,4939687000,0,155482000,4784205000,9068000,81528000,1911383000,2575341000,4258941000,1279818000,615276000,675921000,-259907000,-56702000,-196735000,151198000,0,0,151198000),(298,207,3,'00108772','12267','16','23.61',0,0,0,0,48555000,0,0,9171000,0,57726000,14357000,613000,4378000,29000,0,4000,19381000,77107000,0,0,5104000,0,0,-52143000,-47039000,49365000,2017000,0,0,51382000,23175000,49589000,0,0,0,72764000,77107000,1042000,6480000,-5438000,0,554000,-5992000,0,0,0,54000,2546000,-8484000,0,-261000,138000,1298000,0,-7048000,0,0,-7048000),(299,208,3,'00109777','12267','16','27.11.1',4000,0,0,0,296276000,0,0,1638000,7167000,305085000,269745000,7847000,245980000,599456000,480786000,558000,1604372000,1909457000,5689000,0,13435000,2312000,284000,1766248000,1787968000,0,14584000,0,0,14584000,0,88785000,0,18120000,0,106905000,1909457000,1856611000,1604856000,251755000,79619000,0,172136000,0,36146000,0,151722000,93316000,266688000,55149000,-815000,133000,863000,-1001000,211534000,0,0,211534000),(300,209,3,'00109783','12267','41','23.61',0,0,0,0,29650000,0,0,1493000,0,31143000,93371000,2000,139677000,16400000,13454000,389000,263293000,294436000,5000,0,5732000,0,1000,26003000,31741000,74874000,7129000,0,55936000,137939000,72299000,46128000,0,1565000,4764000,124756000,294436000,618987000,462290000,156697000,107268000,0,49429000,0,996000,18150000,142486000,157621000,17140000,3353000,-2703000,-978000,-1800000,-424000,10585000,0,0,10585000);
/*!40000 ALTER TABLE `finstat` ENABLE KEYS */;
UNLOCK TABLES;
commit;

--
-- Table structure for table `finstat_subject`
--

DROP TABLE IF EXISTS `finstat_subject`;
/*!40101 SET @saved_cs_client     = @@character_set_client */;
/*!40101 SET character_set_client = utf8 */;
CREATE TABLE `finstat_subject` (
  `id_finstat_subject` int(11) NOT NULL AUTO_INCREMENT,
  `inn` varchar(10) NOT NULL,
  `name` text NOT NULL,
  `okpo` varchar(8) NOT NULL,
  `okopf` varchar(5) NOT NULL,
  `okfs` varchar(2) NOT NULL,
  `okved` varchar(8) NOT NULL,
  PRIMARY KEY (`id_finstat_subject`),
  UNIQUE KEY `by_inn` (`inn`)
) ENGINE=MyISAM AUTO_INCREMENT=210 DEFAULT CHARSET=utf8;
/*!40101 SET character_set_client = @saved_cs_client */;

--
-- Dumping data for table `finstat_subject`
--

LOCK TABLES `finstat_subject` WRITE;
/*!40000 ALTER TABLE `finstat_subject` DISABLE KEYS */;
set autocommit=0;
INSERT INTO `finstat_subject` VALUES (1,'2531012583','ОБЩЕСТВО С ОГРАНИЧЕННОЙ ОТВЕТСТВЕННОСТЬЮ \"АЙТИЦЕНТР ДВ\"','00005279','12300','16','62.09'),(2,'2502054290','ОБЩЕСТВО С ОГРАНИЧЕННОЙ ОТВЕТСТВЕННОСТЬЮ \"ПЕЛИКАН\"','00005285','12300','16','46.17'),(3,'2502054282','ОБЩЕСТВО С ОГРАНИЧЕННОЙ ОТВЕТСТВЕННОСТЬЮ \"АЗС СЕРВИС\"','00005304','12300','16','47.30'),(4,'2502054250','ОБЩЕСТВО С ОГРАНИЧЕННОЙ ОТВЕТСТВЕННОСТЬЮ \"КМ ЛОГИСТИК\"','00005351','12300','16','41.20'),(5,'2521014373','ОБЩЕСТВО С ОГРАНИЧЕННОЙ ОТВЕТСТВЕННОСТЬЮ \"ТРАНСПОРТНО ЭКСПЕДИЦИОННАЯ СЕТЬ\"','00005368','12300','16','52.29'),(6,'2534007920','ОБЩЕСТВО С ОГРАНИЧЕННОЙ ОТВЕТСТВЕННОСТЬЮ \"ЭКО ТОЙС\"','00005434','12300','16','32.40'),(7,'3025027049','Общество с ограниченной ответственностью \"БАГИРА\"','00006497','12300','16','46.47'),(8,'3025027056','Общество с ограниченной ответственностью \"ЭВК-СТРОЙ\"','00006586','12300','16','45.32'),(9,'3025027031','Общество с ограниченной ответственностью \"КАСПИЙСТРОЙ\"','00006623','12300','16','42.91.4'),(10,'2301091076','ОБЩЕСТВО С ОГРАНИЧЕННОЙ ОТВЕТСТВЕННОСТЬЮ \"ВНЕДРЕНЧЕСКИЙ ЦЕНТР ВЕКТОР\"','00007485','12300','16','62.01'),(11,'2308227953','ОБЩЕСТВО С ОГРАНИЧЕННОЙ ОТВЕТСТВЕННОСТЬЮ \"ЛОМБАРД \"НАДЁЖНЫЙ\"','00008220','12300','16','64.92.6'),(12,'2308227985','ОБЩЕСТВО С ОГРАНИЧЕННОЙ ОТВЕТСТВЕННОСТЬЮ \"СУББОТИНА КОВАЛЕНКО\"','00008237','12300','16','86.23'),(13,'2308227978','ОБЩЕСТВО С ОГРАНИЧЕННОЙ ОТВЕТСТВЕННОСТЬЮ \"УТЕС\"','00008243','65','16','60.10'),(14,'2811076678','ОБЩЕСТВО С ОГРАНИЧЕННОЙ ОТВЕТСТВЕННОСТЬЮ \"УПРАВЛЯЮЩАЯ КОМПАНИЯ \"ДОМОСЕРВИС\"','00008272','12300','16','68.32'),(15,'2801217111','ОБЩЕСТВО С ОГРАНИЧЕННОЙ ОТВЕТСТВЕННОСТЬЮ ГК \"АЛЬФА-СПК-ДЖИТЕЙЧ\"','00008289','12300','16','45.11.1'),(16,'2801217136','ОБЩЕСТВО С ОГРАНИЧЕННОЙ ОТВЕТСТВЕННОСТЬЮ \"АВИАЛОГИСТИК\"','00008295','65','16','52.24'),(17,'2801217129','ОБЩЕСТВО С ОГРАНИЧЕННОЙ ОТВЕТСТВЕННОСТЬЮ \"АМУРДВЛИКОЙЛ\"','00008303','12300','16','45.3'),(18,'2815015933','ОБЩЕСТВО С ОГРАНИЧЕННОЙ ОТВЕТСТВЕННОСТЬЮ \"ЗОЛОТОДОБЫВАЮЩЕЕ ПРЕДПРИЯТИЕ \"ЗЕЯ - 1\"','00008311','12300','16','13.20.41'),(19,'2801217104','ОБЩЕСТВО С ОГРАНИЧЕННОЙ ОТВЕТСТВЕННОСТЬЮ \"ПАРУС+\"','00008326','61','16','47.11'),(20,'2801217143','ОБЩЕСТВО С ОГРАНИЧЕННОЙ ОТВЕТСТВЕННОСТЬЮ \"БЛАГАВТОКОМПЛЕКТ\"','00008421','12300','16','45.3'),(21,'2801217256','ОБЩЕСТВО С ОГРАНИЧЕННОЙ ОТВЕТСТВЕННОСТЬЮ \"ДВ ЛЕСИНТОРГ\"','00008639','12300','16','16.10'),(22,'2801217288','ОБЩЕСТВО С ОГРАНИЧЕННОЙ ОТВЕТСТВЕННОСТЬЮ \"ДИОНИС\"','00008651','65','16','43.34.2'),(23,'2813010016','ОБЩЕСТВО С ОГРАНИЧЕННОЙ ОТВЕТСТВЕННОСТЬЮ \"ВИНТОРГ\"','00008668','65','16','47.25'),(24,'2807005089','ОБЩЕСТВО С ОГРАНИЧЕННОЙ ОТВЕТСТВЕННОСТЬЮ \"АМУР-ЭДА\"','00008697','65','16','46.90'),(25,'2801217305','ОБЩЕСТВО С ОГРАНИЧЕННОЙ ОТВЕТСТВЕННОСТЬЮ \"СТРОЙОТДЕЛ\"','00008705','12300','16','68.32.1'),(26,'2801217312','ОБЩЕСТВО С ОГРАНИЧЕННОЙ ОТВЕТСТВЕННОСТЬЮ \"КОМПАНИЯ ИМПОРТ\"','00008711','12300','16','45.31.1'),(27,'2801217295','ОБЩЕСТВО С ОГРАНИЧЕННОЙ ОТВЕТСТВЕННОСТЬЮ \"АВАРИЙНЫЙ ЭКСПЕРТ НЭО\"','00008728','12300','16','66.21'),(28,'2807005106','АССОЦИАЦИЯ \"ДЕТСКО-ЮНОШЕСКИЙ БАСКЕТБОЛЬНЫЙ КЛУБ ИМЕНИ А.А. КИЕВСКОГО \"ЛЕСНЫЕ ВОЛКИ\"','00008763','20600','53','94.99'),(29,'2320237411','ОБЩЕСТВО С ОГРАНИЧЕННОЙ ОТВЕТСТВЕННОСТЬЮ \"АЛЬФА-ИНВЕСТ\"','00009018','12300','24','41.20'),(30,'2320237404','ОБЩЕСТВО С ОГРАНИЧЕННОЙ ОТВЕТСТВЕННОСТЬЮ \"АЛЬФА-СТРОЙ\"','00009024','12300','16','41.20'),(31,'2320237387','ОБЩЕСТВО С ОГРАНИЧЕННОЙ ОТВЕТСТВЕННОСТЬЮ \"ФИЛЬ\"','00009030','12300','16','51.21.1'),(32,'2320237394','ОБЩЕСТВО С ОГРАНИЧЕННОЙ ОТВЕТСТВЕННОСТЬЮ \"АВЕТС\"','00009067','12300','16','46.49'),(33,'2901265398','ОБЩЕСТВО С ОГРАНИЧЕННОЙ ОТВЕТСТВЕННОСТЬЮ \"СТОМАТОЛОГИЯ 1\"','00010561','12300','16','86.23'),(34,'2901265366','САДОВОДЧЕСКОЕ НЕКОММЕРЧЕСКОЕ ТОВАРИЩЕСТВО \"ЦИГЛОМЕНКА\"','00010582','20701','16','68.32.2'),(35,'2901265408','ОБЩЕСТВО С ОГРАНИЧЕННОЙ ОТВЕТСТВЕННОСТЬЮ \"ТК СЕВТРАНСАВТО\"','00010607','12300','16','52.29'),(36,'2901265380','САДОВОДЧЕСКОЕ НЕКОММЕРЧЕСКОЕ ТОВАРИЩЕСТВО \"ЗАОСТРОВЬЕ\"','00010613','20701','16','68.32.2'),(37,'2901265373','ОБЩЕСТВО С ОГРАНИЧЕННОЙ ОТВЕТСТВЕННОСТЬЮ \"РЕМОНТНО-ЭКСПЛУАТАЦИОННОЕ ПРЕДПРИЯТИЕ 1\"','00010626','12300','16','68.32'),(38,'2902082446','ОБЩЕСТВО С ОГРАНИЧЕННОЙ ОТВЕТСТВЕННОСТЬЮ \"СТРОЙБЮРО\"','00010636','12300','16','41.20'),(39,'2221225736','ОБЩЕСТВО С ОГРАНИЧЕННОЙ ОТВЕТСТВЕННОСТЬЮ \"КОНТИНЕНТ\"','00010903','12300','16','46.90'),(40,'2506010470','ОБЩЕСТВО С ОГРАНИЧЕННОЙ ОТВЕТСТВЕННОСТЬЮ \"ДВ СТРОЙАЛЬЯНС\"','00014404','12300','16','41.20'),(41,'2507011910','ОБЩЕСТВО С ОГРАНИЧЕННОЙ ОТВЕТСТВЕННОСТЬЮ \"ОВИК\"','00016461','12300','16','16.10'),(42,'2501018203','ОБЩЕСТВО С ОГРАНИЧЕННОЙ ОТВЕТСТВЕННОСТЬЮ \"АКТУАЛЬНЫЙ ДИЗАЙН\"','00017041','12300','16','47.59'),(43,'2501018193','ОБЩЕСТВО С ОГРАНИЧЕННОЙ ОТВЕТСТВЕННОСТЬЮ \"ДК СЕРВИС\"','00017058','12300','16','95.11'),(44,'2801217055','ОБЩЕСТВО С ОГРАНИЧЕННОЙ ОТВЕТСТВЕННОСТЬЮ \"ВЕКТОР\"','00017070','12300','16','73.11'),(45,'2801217070','ОБЩЕСТВО С ОГРАНИЧЕННОЙ ОТВЕТСТВЕННОСТЬЮ \"ТЕХКАРЬЕР\"','00017130','12300','16','77.39.2'),(46,'2801217087','ОБЩЕСТВО С ОГРАНИЧЕННОЙ ОТВЕТСТВЕННОСТЬЮ \"СКИФАГРО\"','00017199','12300','16','01.11'),(47,'2801217062','ОБЩЕСТВО С ОГРАНИЧЕННОЙ ОТВЕТСТВЕННОСТЬЮ \"ТРАНСПОРТНАЯ КОМПАНИЯ СПЕКТР ДВ\"','00017207','12300','16','52.29'),(48,'2521014380','ОБЩЕСТВО С ОГРАНИЧЕННОЙ ОТВЕТСТВЕННОСТЬЮ \"НЕВАДА-НАДЕЖДИНСКАЯ\"','00017791','12300','16','10.71'),(49,'2502054300','ОБЩЕСТВО С ОГРАНИЧЕННОЙ ОТВЕТСТВЕННОСТЬЮ \"ПАРТНЁР\"','00017822','12300','16','79.11'),(50,'2512306612','ДАЧНОЕ НЕКОММЕРЧЕСКОЕ ТОВАРИЩЕСТВО \"ПРИБОЙ\"','00017897','20701','16','68.32.1'),(51,'2503032620','ОБЩЕСТВО С ОГРАНИЧЕННОЙ ОТВЕТСТВЕННОСТЬЮ \"КОШТАНТАУ\"','00018098','12300','16','49.41'),(52,'2512306620','ОБЩЕСТВО С ОГРАНИЧЕННОЙ ОТВЕТСТВЕННОСТЬЮ \"ПРОФ-РИЭЛТ\"','00018106','12300','16','68.31'),(53,'2528000997','ОБЩЕСТВО С ОГРАНИЧЕННОЙ ОТВЕТСТВЕННОСТЬЮ \"СТАРЫЙ ПИРАТ\"','00018158','12300','16','47.25.1'),(54,'2526006344','ОБЩЕСТВО С ОГРАНИЧЕННОЙ ОТВЕТСТВЕННОСТЬЮ \"ЛУЧЕГОРСКАЯ ТРАНСПОРТНАЯ КОМПАНИЯ\"','00018164','12300','16','49.31.2'),(55,'2526006351','ОБЩЕСТВО С ОГРАНИЧЕННОЙ ОТВЕТСТВЕННОСТЬЮ \"ЛИДЕР ПЛАСТ\"','00018170','12300','16','22.23'),(56,'2516002245','ОБЩЕСТВО С ОГРАНИЧЕННОЙ ОТВЕТСТВЕННОСТЬЮ \"ТОРГДВ\"','00018193','12300','16','46.90'),(57,'2507011941','ОБЩЕСТВО С ОГРАНИЧЕННОЙ ОТВЕТСТВЕННОСТЬЮ \"ГЕРМЕС\"','00018247','12300','16','46.34.1'),(58,'2508125324','ОБЩЕСТВО С ОГРАНИЧЕННОЙ ОТВЕТСТВЕННОСТЬЮ \"ДАЛЬТОРГ\"','00018253','12300','16','46.73'),(59,'2508125331','ОБЩЕСТВО С ОГРАНИЧЕННОЙ ОТВЕТСТВЕННОСТЬЮ \"ДВ СНАБПРОЕКТ\"','00018282','12300','16','46.13.2'),(60,'2508125300','ОБЩЕСТВО С ОГРАНИЧЕННОЙ ОТВЕТСТВЕННОСТЬЮ \"ПРИМСНАБ\"','00018313','12300','16','46.42'),(61,'2508125290','ОБЩЕСТВО С ОГРАНИЧЕННОЙ ОТВЕТСТВЕННОСТЬЮ \"НЕОКРИТ\"','00018325','12300','16','43.99.4'),(62,'2508125250','ОБЩЕСТВО С ОГРАНИЧЕННОЙ ОТВЕТСТВЕННОСТЬЮ \"ИНТЕГРО ТРАНСПОРТ\"','00018336','12300','16','52.24'),(63,'2508125469','ОБЩЕСТВО С ОГРАНИЧЕННОЙ ОТВЕТСТВЕННОСТЬЮ \"СТРЕЛОК\"','00018371','12300','16','93.29.9'),(64,'2508125370','ОБЩЕСТВО С ОГРАНИЧЕННОЙ ОТВЕТСТВЕННОСТЬЮ \"ОРИОН-ТРЕЙД\"','00018402','12300','16','52.29'),(65,'2508125388','ОБЩЕСТВО С ОГРАНИЧЕННОЙ ОТВЕТСТВЕННОСТЬЮ \"СКАТ\"','00018419','12300','16','46.38'),(66,'2508125395','ОБЩЕСТВО С ОГРАНИЧЕННОЙ ОТВЕТСТВЕННОСТЬЮ \"ГЕФЕСТ ПЛЮС\"','00018425','12300','16','46.49'),(67,'2508125363','ОБЩЕСТВО С ОГРАНИЧЕННОЙ ОТВЕТСТВЕННОСТЬЮ \"ОСТСЕРВИС\"','00018448','12300','16','46.90'),(68,'2508125405','ОБЩЕСТВО С ОГРАНИЧЕННОЙ ОТВЕТСТВЕННОСТЬЮ \"НОВАТОР\"','00018454','12300','16','46.49.49'),(69,'2508125412','ОБЩЕСТВО С ОГРАНИЧЕННОЙ ОТВЕТСТВЕННОСТЬЮ \"ТИСОТ\"','00018477','12300','16','46.73'),(70,'2508125420','ОБЩЕСТВО С ОГРАНИЧЕННОЙ ОТВЕТСТВЕННОСТЬЮ \"ОКСИГЕН\"','00018595','12300','16','46.21.11'),(71,'2508125356','ОБЩЕСТВО С ОГРАНИЧЕННОЙ ОТВЕТСТВЕННОСТЬЮ \"ТОРГ-ДВ\"','00018632','12300','16','52.29'),(72,'2465140967','ОБЩЕСТВО С ОГРАНИЧЕННОЙ ОТВЕТСТВЕННОСТЬЮ \"ТОРГОВЫЙ ДОМ ЕЛИСЕЙ\"','00018649','12300','16','46.38'),(73,'2465140950','ОБЩЕСТВО С ОГРАНИЧЕННОЙ ОТВЕТСТВЕННОСТЬЮ \"АКТИВ\"','00018655','12300','16','69.20'),(74,'2465140928','ОБЩЕСТВО С ОГРАНИЧЕННОЙ ОТВЕТСТВЕННОСТЬЮ \"НАРОДНЫЙ\"','00018661','12300','16','46.33'),(75,'2465140942','ОБЩЕСТВО С ОГРАНИЧЕННОЙ ОТВЕТСТВЕННОСТЬЮ \"НЕФТЕПРОДУКТ\"','00018715','12300','16','46.31'),(76,'2465140935','ОБЩЕСТВО С ОГРАНИЧЕННОЙ ОТВЕТСТВЕННОСТЬЮ \"ЭНЕРГОТРЕЙД\"','00018721','12300','16','46.69.5'),(77,'2510014526','ГАРАЖНО-СТРОИТЕЛЬНЫЙ КООПЕРАТИВ \"РАДУГА\"','00018879','20101','16','68.32'),(78,'2511097074','ОБЩЕСТВО С ОГРАНИЧЕННОЙ ОТВЕТСТВЕННОСТЬЮ \"ФАРПОСТ\"','00018902','12300','16','62.01'),(79,'2520009331','ОБЩЕСТВО С ОГРАНИЧЕННОЙ ОТВЕТСТВЕННОСТЬЮ \"ЕЛИЗАВЕТА\"','00018939','12300','16','46.16'),(80,'2511097035','ОБЩЕСТВО С ОГРАНИЧЕННОЙ ОТВЕТСТВЕННОСТЬЮ \"СЕВЕР-БРИГ\"','00018951','12300','16','46.38.1'),(81,'2511097170','ОБЩЕСТВО С ОГРАНИЧЕННОЙ ОТВЕТСТВЕННОСТЬЮ \"ДАЛЬЖД-ГРУПП\"','00018997','12300','16','30.20.9'),(82,'2511097099','ОБЩЕСТВО С ОГРАНИЧЕННОЙ ОТВЕТСТВЕННОСТЬЮ \"ТИТАН-125\"','00019005','12300','16','47.11'),(83,'2511097123','ОБЩЕСТВО С ОГРАНИЧЕННОЙ ОТВЕТСТВЕННОСТЬЮ \"ЛИДЕР\"','00019175','12300','16','46.74'),(84,'2511097116','ОБЩЕСТВО С ОГРАНИЧЕННОЙ ОТВЕТСТВЕННОСТЬЮ \"ДАЛЬНЕВОСТОЧНЫЙ ЗАВОД \"ЭКОЛОС\"','00019258','12300','16','28.12'),(85,'2515012427','ОБЩЕСТВО С ОГРАНИЧЕННОЙ ОТВЕТСТВЕННОСТЬЮ \"ТАТЬЯНА\"','00019436','12300','16','47.11'),(86,'2530008633','ОБЩЕСТВО С ОГРАНИЧЕННОЙ ОТВЕТСТВЕННОСТЬЮ \"СОЛНЕЧНЫЙ ГОРОД\"','00019761','12300','16','01.11'),(87,'2543090057','ОБЩЕСТВО С ОГРАНИЧЕННОЙ ОТВЕТСТВЕННОСТЬЮ \"АВТОЮРИСТ\"','00019778','12300','16','64.99'),(88,'2536292077','ОБЩЕСТВО С ОГРАНИЧЕННОЙ ОТВЕТСТВЕННОСТЬЮ \"ЭЛЕКТРОМИР\"','00019784','12300','16','46.43'),(89,'2537122984','ОБЩЕСТВО С ОГРАНИЧЕННОЙ ОТВЕТСТВЕННОСТЬЮ \"ВЗМОРЬЕ\"','00019790','12300','16','46.38.1'),(90,'2536291877','ОБЩЕСТВО С ОГРАНИЧЕННОЙ ОТВЕТСТВЕННОСТЬЮ \"АГРОФИРМА ФЛОРАСИДС\"','00019809','12300','16','01.11'),(91,'2537122945','ОБЩЕСТВО С ОГРАНИЧЕННОЙ ОТВЕТСТВЕННОСТЬЮ \"ТЕХНОВЕБ\"','00019821','12300','16','62.01'),(92,'2537122938','ОБЩЕСТВО С ОГРАНИЧЕННОЙ ОТВЕТСТВЕННОСТЬЮ \"ИНВЕСТСТРОЙ-ВОСТОК\"','00019838','12300','16','68.31'),(93,'2543090096','ОБЩЕСТВО С ОГРАНИЧЕННОЙ ОТВЕТСТВЕННОСТЬЮ \"ЭКО МАРКЕТ\"','00019873','12300','16','47.29'),(94,'2537123057','ОБЩЕСТВО С ОГРАНИЧЕННОЙ ОТВЕТСТВЕННОСТЬЮ \"ТО НА 5\"','00019887','12300','16','45.20'),(95,'2536291884','ОБЩЕСТВО С ОГРАНИЧЕННОЙ ОТВЕТСТВЕННОСТЬЮ \"КАМТОРГ\"','00019904','12300','16','46.38'),(96,'2536291919','ОБЩЕСТВО С ОГРАНИЧЕННОЙ ОТВЕТСТВЕННОСТЬЮ \"ОБСИДИАН\"','00019927','12300','16','46.90'),(97,'2536291940','ОБЩЕСТВО С ОГРАНИЧЕННОЙ ОТВЕТСТВЕННОСТЬЮ \"ПРИМХОУМ\"','00019941','12300','16','16.23.2'),(98,'2543090138','ОБЩЕСТВО С ОГРАНИЧЕННОЙ ОТВЕТСТВЕННОСТЬЮ \"ПРИМЭКСПОРТ-ДВ\"','00019956','12300','16','46.12.22'),(99,'2543090226','ОБЩЕСТВО С ОГРАНИЧЕННОЙ ОТВЕТСТВЕННОСТЬЮ \"СТРОИТЕЛЬНАЯ КОМПАНИЯ \"АЯКС\"','00019962','12300','16','43.99.4'),(100,'2537123113','ОБЩЕСТВО С ОГРАНИЧЕННОЙ ОТВЕТСТВЕННОСТЬЮ \"СПЕЦИМПОРТ\"','00019979','12300','16','45.1'),(101,'2543105585','ОБЩЕСТВО С ОГРАНИЧЕННОЙ ОТВЕТСТВЕННОСТЬЮ \"ТРАСТ-ХОЛОД\"','00002447','12300','16','52.10'),(102,'2502054275','ОБЩЕСТВО С ОГРАНИЧЕННОЙ ОТВЕТСТВЕННОСТЬЮ \"ДЭНАР\"','00005291','12300','16','45.20.2'),(103,'2308227946','ОБЩЕСТВО С ОГРАНИЧЕННОЙ ОТВЕТСТВЕННОСТЬЮ \"РУСНЕФТЕХИМИЯ\"','00008208','12300','16','46.75'),(104,'2801217094','АМУРСКОЕ РЕГИОНАЛЬНОЕ ОТДЕЛЕНИЕ МОЛОДЕЖНОЙ ОБЩЕРОССИЙСКОЙ ОБЩЕСТВЕННОЙ ОРГАНИЗАЦИИ РОССИЙСКИЕ СТУДЕНЧЕСКИЕ ОТРЯДЫ','00008757','20200','53','94.99'),(105,'2318042373','ОБЩЕСТВО С ОГРАНИЧЕННОЙ ОТВЕТСТВЕННОСТЬЮ \"СОЧИОЛИМПИКТУР\"','00009047','12300','16','79.11'),(106,'2812171250','ОБЩЕСТВО С ОГРАНИЧЕННОЙ ОТВЕТСТВЕННОСТЬЮ \"ФУД ЭКСПОРТ\"','00017259','12300','16','46.36'),(107,'2508125243','ОБЩЕСТВО С ОГРАНИЧЕННОЙ ОТВЕТСТВЕННОСТЬЮ\"ВЭССЭЛ МАСТЕР\"','00018260','12300','16','33.15'),(108,'2508125317','ОБЩЕСТВО С ОГРАНИЧЕННОЙ ОТВЕТСТВЕННОСТЬЮ \"ТРАНСИБ ЭКСПРЕСС ЛАЙНС\"','00018276','12300','16','52.29'),(109,'2465140886','ОБЩЕСТВО С ОГРАНИЧЕННОЙ ОТВЕТСТВЕННОСТЬЮ \"АЛЬФА-СТАР\"','00018684','12300','16','74.30'),(110,'2465140910','ОБЩЕСТВО С ОГРАНИЧЕННОЙ ОТВЕТСТВЕННОСТЬЮ \"АРТЕБ-РЕСУРС\"','00018709','12300','16','33.13'),(111,'2511097028','ОБЩЕСТВО С ОГРАНИЧЕННОЙ ОТВЕТСТВЕННОСТЬЮ \"УПРАВЛЯЮЩАЯ КОМПАНИЯ \"РАДУГА\"','00018968','12300','16','68.32'),(112,'2511097162','ОБЩЕСТВО С ОГРАНИЧЕННОЙ ОТВЕТСТВЕННОСТЬЮ \"ОБРАЗОВАНИЕ\"','00018980','12300','16','74.30'),(113,'2511097109','ОБЩЕСТВО С ОГРАНИЧЕННОЙ ОТВЕТСТВЕННОСТЬЮ \"ЕВРАЗ ТРЕЙД\"','00019011','12300','16','46.90'),(114,'2533011176','ГАРАЖНЫЙ КООПЕРАТИВ \"ПОЛЕТ\"','00019749','20101','16','68.32.2'),(115,'2204081450','ОБЩЕСТВО С ОГРАНИЧЕННОЙ ОТВЕТСТВЕННОСТЬЮ \"ПРОСВЕЩЕНИЕ\"','00043676','12300','16','85.41.9'),(116,'2222845066','ОБЩЕСТВО С ОГРАНИЧЕННОЙ ОТВЕТСТВЕННОСТЬЮ ТОРГОВО-ПРОИЗВОДСТВЕННОЕ ПРЕДПРИЯТИЕ \"АЛТАЙАГРО\"','00044517','12300','16','10.61.3'),(117,'2225168503','ОБЩЕСТВО С ОГРАНИЧЕННОЙ ОТВЕТСТВЕННОСТЬЮ \"АВАНГАРД\"','00044546','12300','16','63.91'),(118,'2221225694','ОБЩЕСТВО С ОГРАНИЧЕННОЙ ОТВЕТСТВЕННОСТЬЮ \"ЛЕС-ОПТ\"','00044687','12300','16','46.73'),(119,'2222845041','ОБЩЕСТВО С ОГРАНИЧЕННОЙ ОТВЕТСТВЕННОСТЬЮ \"СОКРАТ\"','00044718','12300','16','49.4'),(120,'2224178820','ОБЩЕСТВО С ОГРАНИЧЕННОЙ ОТВЕТСТВЕННОСТЬЮ \"МЕТАЛЛОМОНТАЖ+\"','00048202','12300','16','41.20'),(121,'2222845203','ОБЩЕСТВО С ОГРАНИЧЕННОЙ ОТВЕТСТВЕННОСТЬЮ \"СХС\"','00048254','12300','16','46.11.3'),(122,'2224178770','ОБЩЕСТВО С ОГРАНИЧЕННОЙ ОТВЕТСТВЕННОСТЬЮ \"СОТНЯ-ТЕХНО\"','00048337','12300','16','43.21'),(123,'2312240019','ОБЩЕСТВО С ОГРАНИЧЕННОЙ ОТВЕТСТВЕННОСТЬЮ \"КУБАНСКИЙ СТАНДАРТ\"','00048356','12300','16','10.72'),(124,'2225168616','ОБЩЕСТВО С ОГРАНИЧЕННОЙ ОТВЕТСТВЕННОСТЬЮ \"ОКТАН-СЕРВИС\"','00048372','12300','16','47.30'),(125,'2224178756','ОБЩЕСТВО С ОГРАНИЧЕННОЙ ОТВЕТСТВЕННОСТЬЮ \"БЕКАС\"','00048403','12300','16','46.44.1'),(126,'2287006566','ОБЩЕСТВО С ОГРАНИЧЕННОЙ ОТВЕТСТВЕННОСТЬЮ \"ГЛОБУС\"','00048426','12300','16','96.09'),(127,'2221225768','ОБЩЕСТВО С ОГРАНИЧЕННОЙ ОТВЕТСТВЕННОСТЬЮ \"АСК\"','00048449','12300','16','46.71'),(128,'2222845130','ОБЩЕСТВО С ОГРАНИЧЕННОЙ ОТВЕТСТВЕННОСТЬЮ \"КЛИНИКА \"БУДЬ ЗДОРОВ\"','00048461','12300','16','86.90.9'),(129,'2224178788','ОБЩЕСТВО С ОГРАНИЧЕННОЙ ОТВЕТСТВЕННОСТЬЮ \"ФОРТУНА\"','00048484','12300','16','49.41'),(130,'2223609897','ОБЩЕСТВО С ОГРАНИЧЕННОЙ ОТВЕТСТВЕННОСТЬЮ \"БМК-ЭНЕРГО\"','00048596','12300','16','46.69'),(131,'2225168567','ОБЩЕСТВО С ОГРАНИЧЕННОЙ ОТВЕТСТВЕННОСТЬЮ \"ЛОТЕРЕИ СИБИРИ\"','00048604','12300','16','92.23'),(132,'2225168599','ОБЩЕСТВО С ОГРАНИЧЕННОЙ ОТВЕТСТВЕННОСТЬЮ \"АРКАДА\"','00048610','12300','16','46.90'),(133,'2224178731','ОБЩЕСТВО С ОГРАНИЧЕННОЙ ОТВЕТСТВЕННОСТЬЮ \"ЛОТЕРЕИ АЛТАЯ\"','00048627','12300','16','46.18'),(134,'2221225711','ОБЩЕСТВО С ОГРАНИЧЕННОЙ ОТВЕТСТВЕННОСТЬЮ \"НЕОН-БАРНАУЛ\"','00048640','12300','16','56.30'),(135,'2222845098','ПОТРЕБИТЕЛЬСКОЕ ОБЩЕСТВО \"АВТОДРОМ БАРНАУЛ\"','00048679','20107','16','85.41'),(136,'2223609880','ОБЩЕСТВО С ОГРАНИЧЕННОЙ ОТВЕТСТВЕННОСТЬЮ \"ЭНЕРГОСИБ\"','00048685','12300','16','43.21'),(137,'2222845108','АВТОНОМНАЯ НЕКОММЕРЧЕСКАЯ ОРГАНИЗАЦИЯ \"АЛТАЙСКОЕ АРХЕОЛОГИЧЕСКОЕ ОБЩЕСТВО\"','00048691','71400','16','72.20'),(138,'2225168550','ОБЩЕСТВО С ОГРАНИЧЕННОЙ ОТВЕТСТВЕННОСТЬЮ \"СФЕРА\"','00048716','12300','16','46.90'),(139,'2225168535','ОБЩЕСТВО С ОГРАНИЧЕННОЙ ОТВЕТСТВЕННОСТЬЮ \"ДЕНТАЛ ЭКОНОМ\"','00051859','12300','16','86.23'),(140,'2204078947','ОБЩЕСТВО С ОГРАНИЧЕННОЙ ОТВЕТСТВЕННОСТЬЮ ПРОИЗВОДСТВЕННАЯ КОМПАНИЯ \"ТЕПЛОМАШ\"','00051902','12300','16','25.21'),(141,'2225168542','ОБЩЕСТВО С ОГРАНИЧЕННОЙ ОТВЕТСТВЕННОСТЬЮ \"КОРТА\"','00052209','12300','16','70.22'),(142,'2224178682','ОБЩЕСТВО С ОГРАНИЧЕННОЙ ОТВЕТСТВЕННОСТЬЮ \"СТРОЙ РЕГИОН\"','00052215','12300','16','43.99'),(143,'2203002230','ОБЩЕСТВО С ОГРАНИЧЕННОЙ ОТВЕТСТВЕННОСТЬЮ \"РЕСТОРАН ЭДЕЛЬВЕЙС\"','00052385','12300','16','56.10.1'),(144,'2209046307','ОБЩЕСТВО С ОГРАНИЧЕННОЙ ОТВЕТСТВЕННОСТЬЮ \"РЫБСБЫТ\"','00052439','12300','16','10.20'),(145,'2222845034','ОБЩЕСТВО С ОГРАНИЧЕННОЙ ОТВЕТСТВЕННОСТЬЮ \"РЕГИОНЛЕСТОРГ\"','00052445','12300','16','46.73'),(146,'2222845002','ОБЩЕСТВО С ОГРАНИЧЕННОЙ ОТВЕТСТВЕННОСТЬЮ \"ВОСТОРГ\"','00052497','12300','16','10.51.9'),(147,'2221225630','Ликвидационная комиссия ОБЩЕСТВО С ОГРАНИЧЕННОЙ ОТВЕТСТВЕННОСТЬЮ \"АРТПРОФИ\" (сформирована ликвидационная комиссия)','00052534','12300','16','45.20'),(148,'2221225655','Ликвидационная комиссия ОБЩЕСТВО С ОГРАНИЧЕННОЙ ОТВЕТСТВЕННОСТЬЮ \"АЛТАЙСКИЙ ЦЕНТР ИННОВАЦИОННЫХ ТЕХНОЛОГИЙ В ТРАВМАТОЛОГИИ И ОРТОПЕДИИ\" (сформирована ликвидационная комиссия)','00052563','12300','41','72.19'),(149,'2208042941','ОБЩЕСТВО С ОГРАНИЧЕННОЙ ОТВЕТСТВЕННОСТЬЮ \"АЛЕКСАНДРИТ\"','00052623','12300','16','41.20'),(150,'2225168486','ОБЩЕСТВО С ОГРАНИЧЕННОЙ ОТВЕТСТВЕННОСТЬЮ \"АЛТАЙ ТРЕЙД\"','00052681','12300','16','47.91.2'),(151,'2222845010','ОБЩЕСТВО С ОГРАНИЧЕННОЙ ОТВЕТСТВЕННОСТЬЮ \"КОТЕЛЬНЫЙ ЗАВОД \"АРСЕНАЛ\"','00052698','12300','16','46.69'),(152,'2208042846','НОВОАЛТАЙСКАЯ ГОРОДСКАЯ МОЛОДЕЖНАЯ ОБЩЕСТВЕННАЯ ОРГАНИЗАЦИЯ \"ФЕДЕРАЦИЯ КИОКУШИН КАРАТЭ\"','00052712','20200','53','94.99'),(153,'2225168447','ОБЩЕСТВО С ОГРАНИЧЕННОЙ ОТВЕТСТВЕННОСТЬЮ \"ЭНЕРГОТРЕЙД\"','00052913','12300','16','35.14'),(154,'2223609865','ОБЩЕСТВО С ОГРАНИЧЕННОЙ ОТВЕТСТВЕННОСТЬЮ \"ФЕНИКС-22\"','00052922','12300','16','47.91.1'),(155,'2221225616','ОБЩЕСТВО С ОГРАНИЧЕННОЙ ОТВЕТСТВЕННОСТЬЮ \"СТРОИТЕЛЬНОЕ УПРАВЛЕНИЕ №13\"','00052936','12300','16','41.20'),(156,'2225168694','ОБЩЕСТВО С ОГРАНИЧЕННОЙ ОТВЕТСТВЕННОСТЬЮ \"АКВАТЕХ\"','00053054','12300','16','46.90'),(157,'2254001393','Ликвидационная комиссия ОБЩЕСТВО С ОГРАНИЧЕННОЙ ОТВЕТСТВЕННОСТЬЮ \"ЯНТАРЬ\" (сформирована ликвидационная комиссия)','00053108','12300','16','15.20'),(158,'2222845179','ОБЩЕСТВО С ОГРАНИЧЕННОЙ ОТВЕТСТВЕННОСТЬЮ \"КРАФТ АЛТАЯ\"','00053114','12300','16','46.34.23'),(159,'2221225782','ОБЩЕСТВО С ОГРАНИЧЕННОЙ ОТВЕТСТВЕННОСТЬЮ \"ДИАМЕД\"','00053155','12300','16','46.46.2'),(160,'2222845154','АКЦИОНЕРНОЕ ОБЩЕСТВО \"КИВА\"','00053189','12267','16','64.99'),(161,'2223609939','ОБЩЕСТВО С ОГРАНИЧЕННОЙ ОТВЕТСТВЕННОСТЬЮ \"КОТЛОСНАБСЕРВИС\"','00053232','12300','16','71.11.1'),(162,'2203002247','ОБЩЕСТВО С ОГРАНИЧЕННОЙ ОТВЕТСТВЕННОСТЬЮ \"САНАТОРИЙ-КУРОРТ ЭДЕЛЬВЕЙС\"','00061496','12300','16','55.10'),(163,'2290000420','МУНИЦИПАЛЬНОЕ УНИТАРНОЕ ПРЕДПРИЯТИЕ  \"КОММУНАЛЬЩИК\" ШЕЛАБОЛИХИНСКОГО РАЙОНА АЛТАЙСКОГО КРАЯ','00061504','65243','14','35.30'),(164,'2222845250','ОБЩЕСТВО С ОГРАНИЧЕННОЙ ОТВЕТСТВЕННОСТЬЮ \"ТОРГОВАЯ КОМПАНИЯ \"АЛЬКОР\"','00061510','12300','16','46.21'),(165,'2222845210','ОБЩЕСТВО С ОГРАНИЧЕННОЙ ОТВЕТСТВЕННОСТЬЮ \"ФАТО\"','00061562','12300','16','31.09'),(166,'2204078986','ОБЩЕСТВО С ОГРАНИЧЕННОЙ ОТВЕТСТВЕННОСТЬЮ \"БИЙСК АВТО АЛЬЯНС\"','00062254','12300','16','49.41'),(167,'2312239920','ОБЩЕСТВО С ОГРАНИЧЕННОЙ ОТВЕТСТВЕННОСТЬЮ \"ЦЕНТР КЛИМАТА\"','00065672','12300','16','46.69.5'),(168,'2312239944','ОБЩЕСТВО С ОГРАНИЧЕННОЙ ОТВЕТСТВЕННОСТЬЮ \"НЕВА-РОСТОВ\"','00065689','12300','16','96.09'),(169,'2312239888','ОБЩЕСТВО С ОГРАНИЧЕННОЙ ОТВЕТСТВЕННОСТЬЮ \"НЕВА-ПАЛЬМИРА\"','00065755','12300','16','96.09'),(170,'2312239937','ОБЩЕСТВО С ОГРАНИЧЕННОЙ ОТВЕТСТВЕННОСТЬЮ \"НЕВА-СТОЛИЦА\"','00065790','12300','16','96.09'),(171,'2312239905','ОБЩЕСТВО С ОГРАНИЧЕННОЙ ОТВЕТСТВЕННОСТЬЮ \"НЕВА-МОНТАЖ\"','00065809','12300','16','43.21'),(172,'2310190490','СЕЛЬСКОХОЗЯЙСТВЕННЫЙ ПОТРЕБИТЕЛЬСКИЙ ПЕРЕРАБАТЫВАЮЩЕ-СБЫТОВОЙ КООПЕРАТИВ \"СОЮЗ ОРГАНИЧЕСКИХ ФЕРМЕРОВ КУБАНИ\"','00066074','20109','19','46'),(173,'2301091083','СОЮЗ ВОДОПОЛЬЗОВАТЕЛЕЙ АКВАТОРИИ ЧЕРНОГО МОРЯ НА ТЕРРИТОРИИ КРАСНОДАРСКОГО КРАЯ \"БЕРЕГ\"','00066186','20600','16','70.22'),(174,'2361013604','АВТОНОМНАЯ НЕКОММЕРЧЕСКАЯ ОРГАНИЗАЦИЯ КРАСНОДАРСКОГО КРАЯ ПО ПРОВЕДЕНИЮ СПОРТИВНЫХ СОРЕВНОВАНИЙ \"ЧИСТОЕ НЕБО\"','00066192','71400','16','93.19'),(175,'2311207883','АВТОНОМНАЯ НЕКОММЕРЧЕСКАЯ ОРГАНИЗАЦИЯ ДЕТСКИЙ ФУТБОЛЬНЫЙ КЛУБ \"НАДЕЖДА\"','00066217','71400','16','93.11'),(176,'2311207876','НЕКОММЕРЧЕСКАЯ ОРГАНИЗАЦИЯ \"БЛАГОТВОРИТЕЛЬНЫЙ ФОНД СОЦИАЛЬНОЙ АДАПТАЦИИ ИНВАЛИДОВ \"БЕЛЫЕ АНГЕЛЫ\"','00066275','70401','50','88.10'),(177,'2315987673','ОБЩЕСТВО С ОГРАНИЧЕННОЙ ОТВЕТСТВЕННОСТЬЮ \"ПИТ - БИЗНЕС СТРОЙ\"','00066281','12300','16','41.20'),(178,'2339023484','ОБЩЕСТВО С ОГРАНИЧЕННОЙ ОТВЕТСТВЕННОСТЬЮ \"ЦЕНТР МОЛОДЕЖНОГО ИННОВАЦИОННОГО ТВОРЧЕСТВА \"ПЕРСПЕКТИВА\"','00066306','12300','16','72.19'),(179,'2221232300','ОБЩЕСТВО С ОГРАНИЧЕННОЙ ОТВЕТСТВЕННОСТЬЮ \"ВИКТОРИЯ\"','00066861','12300','16','46.21'),(180,'2311207890','ОБЩЕСТВО С ОГРАНИЧЕННОЙ ОТВЕТСТВЕННОСТЬЮ \"ИТ ДИРЕКТОР ПО ТРЕБОВАНИЮ\"','00068191','12300','16','62.01'),(181,'2311207971','ОБЩЕСТВО С ОГРАНИЧЕННОЙ ОТВЕТСТВЕННОСТЬЮ \"ГУБЕРНСКИЙ\"','00077824','12300','16','68.32.1'),(182,'2311207964','ОБЩЕСТВО С ОГРАНИЧЕННОЙ ОТВЕТСТВЕННОСТЬЮ \"ГОРИЗОНТ\"','00077907','12300','16','46.49.49'),(183,'2311207820','ОБЩЕСТВО С ОГРАНИЧЕННОЙ ОТВЕТСТВЕННОСТЬЮ \"СК ФЭМЕЛИ\"','00077942','12300','16','56.30'),(184,'2317080055','ОБЩЕСТВО С ОГРАНИЧЕННОЙ ОТВЕТСТВЕННОСТЬЮ  \"ФЕСТИВАЛЬНОЕ ДВИЖЕНИЕ \"ЛИГА ТАЛАНТОВ\"','00077988','12300','16','90.0'),(185,'2361013611','ОБЩЕСТВО С ОГРАНИЧЕННОЙ ОТВЕТСТВЕННОСТЬЮ \"ЭЛЕКТРОННЫЙ ГОРОД\"','00077994','65','16','63.11'),(186,'0411175409','ОБЩЕСТВО С ОГРАНИЧЕННОЙ ОТВЕТСТВЕННОСТЬЮ \"СВ ЛИЗИНГ\"','00078025','12300','16','45.1'),(187,'2224178724','ОБЩЕСТВО С ОГРАНИЧЕННОЙ ОТВЕТСТВЕННОСТЬЮ \"ПКФ АГРОПРОМКОМПЛЕКТ\"','00082417','12300','16','46.21.14'),(188,'2204078979','ОБЩЕСТВО С ОГРАНИЧЕННОЙ ОТВЕТСТВЕННОСТЬЮ \"АВТОСКАН-АЛТАЙ\"','00082423','12300','16','45.20'),(189,'2222845242','ОБЩЕСТВО С ОГРАНИЧЕННОЙ ОТВЕТСТВЕННОСТЬЮ \"ГРАЦИЯ\"','00082430','12300','16','47.59'),(190,'2222845274','ОБЩЕСТВО С ОГРАНИЧЕННОЙ ОТВЕТСТВЕННОСТЬЮ \"АЛТАЙКЛИМАТСЕРВИС\"','00082452','12300','16','28.25'),(191,'2208043293','ОБЩЕСТВО С ОГРАНИЧЕННОЙ ОТВЕТСТВЕННОСТЬЮ \"ЭНЕРДЖИ ФУД СИБИРЬ\"','00082469','12300','16','46.38.21'),(192,'2224178869','ОБЩЕСТВО С ОГРАНИЧЕННОЙ ОТВЕТСТВЕННОСТЬЮ \"ЮВЕЛИРНАЯ ЛАВКА\"','00085893','12300','16','47.77.2'),(193,'2308228033','ОБЩЕСТВО С ОГРАНИЧЕННОЙ ОТВЕТСТВЕННОСТЬЮ \"АКТИОГРУПП\"','00085953','12300','16','28.92'),(194,'2308228026','ОБЩЕСТВО С ОГРАНИЧЕННОЙ ОТВЕТСТВЕННОСТЬЮ \"АГРОТЕК ИТ\"','00085982','12300','16','46.66'),(195,'2308228001','ТОВАРИЩЕСТВО СОБСТВЕННИКОВ НЕДВИЖИМОСТИ \"УНИВЕРСАЛСЕРВИС-С\"','00086119','20700','16','68.32.2'),(196,'2312240080','ОБЩЕСТВО С ОГРАНИЧЕННОЙ ОТВЕТСТВЕННОСТЬЮ \"АРИЭЛЬ\"','00086220','65','16','03.2'),(197,'2312240058','ОБЩЕСТВО С ОГРАНИЧЕННОЙ ОТВЕТСТВЕННОСТЬЮ \"СВАРМА-ЮГ\"','00086303','12300','16','46.63'),(198,'2312239983','ОБЩЕСТВО С ОГРАНИЧЕННОЙ ОТВЕТСТВЕННОСТЬЮ \"АДАМА\"','00086326','12300','16','46.21'),(199,'2312240072','ОБЩЕСТВО С ОГРАНИЧЕННОЙ ОТВЕТСТВЕННОСТЬЮ \"ПРОФЭКСПЕРТ-ЮГ\"','00086355','12300','16','70.22'),(200,'2357003258','ОБЩЕСТВО С ОГРАНИЧЕННОЙ ОТВЕТСТВЕННОСТЬЮ \"НАДЕЖДА\"','00086409','12300','16','46.21.11'),(201,'2208043279','ОБЩЕСТВО С ОГРАНИЧЕННОЙ ОТВЕТСТВЕННОСТЬЮ \"ЛИРА\"','00087136','12300','16','31.02'),(202,'2260003649','ОБЩЕСТВО С ОГРАНИЧЕННОЙ ОТВЕТСТВЕННОСТЬЮ \"РЕА-СТРОЙ\"','00087395','12300','16','41.20'),(203,'2222845267','ОБЩЕСТВО С ОГРАНИЧЕННОЙ ОТВЕТСТВЕННОСТЬЮ \"АСГАРД ЛОГИСТИК\"','00087403','12300','16','46.90'),(204,'2222845228','ОБЩЕСТВО С ОГРАНИЧЕННОЙ ОТВЕТСТВЕННОСТЬЮ \"АГРОТЕХПОМОЩЬ.22\"','00087449','12300','16','45.1'),(205,'2204079041','ОБЩЕСТВО С ОГРАНИЧЕННОЙ ОТВЕТСТВЕННОСТЬЮ \"ВЕСТА\"','00087509','12300','16','46.11.31'),(206,'2309001660','ПУБЛИЧНОЕ АКЦИОНЕРНОЕ ОБЩЕСТВО \"ЭНЕРГЕТИКИ И ЭЛЕКТРИФИКАЦИИ КУБАНИ\"','00104604','12247','16','35.12'),(207,'2312031047','АКЦИОНЕРНОЕ ОБЩЕСТВО \"КРАСНОДАРСКИЙ ЗАВОД ЖЕЛЕЗОБЕТОННЫХ ИЗДЕЛИЙ И КОНСТРУКЦИЙ\"','00108772','12267','16','23.61'),(208,'2221000387','ОТКРЫТОЕ АКЦИОНЕРНОЕ ОБЩЕСТВО \"АЛТАЙСКИЙ ТРАНСФОРМАТОРНЫЙ ЗАВОД\"','00109777','12267','16','27.11.1'),(209,'2208001977','АКЦИОНЕРНОЕ ОБЩЕСТВО \"БЕЛОЯРСКИЙ МАЧТОПРОПИТОЧНЫЙ ЗАВОД\"','00109783','12267','41','23.61');
/*!40000 ALTER TABLE `finstat_subject` ENABLE KEYS */;
UNLOCK TABLES;
commit;

--
-- Table structure for table `finstat_year_portion`
--

DROP TABLE IF EXISTS `finstat_year_portion`;
/*!40101 SET @saved_cs_client     = @@character_set_client */;
/*!40101 SET character_set_client = utf8 */;
CREATE TABLE `finstat_year_portion` (
  `id_finstat_year_portion` int(11) NOT NULL AUTO_INCREMENT,
  `TimeLoaded` timestamp NOT NULL DEFAULT CURRENT_TIMESTAMP ON UPDATE CURRENT_TIMESTAMP,
  `FileName` varchar(255) NOT NULL,
  `year` int(11) NOT NULL,
  PRIMARY KEY (`id_finstat_year_portion`),
  UNIQUE KEY `by_year` (`year`)
) ENGINE=MyISAM AUTO_INCREMENT=4 DEFAULT CHARSET=utf8;
/*!40101 SET character_set_client = @saved_cs_client */;

--
-- Dumping data for table `finstat_year_portion`
--

LOCK TABLES `finstat_year_portion` WRITE;
/*!40000 ALTER TABLE `finstat_year_portion` DISABLE KEYS */;
set autocommit=0;
INSERT INTO `finstat_year_portion` VALUES (1,'2020-04-10 18:32:22','data.small.2016.txt',2016),(2,'2020-04-10 18:32:22','data.small.2017.txt',2017),(3,'2020-04-10 18:32:22','data.small.2018.txt',2018);
/*!40000 ALTER TABLE `finstat_year_portion` ENABLE KEYS */;
UNLOCK TABLES;
commit;

--
-- Dumping routines for database 'finstatdevel'
--
/*!40103 SET TIME_ZONE=@OLD_TIME_ZONE */;

/*!40101 SET SQL_MODE=@OLD_SQL_MODE */;
/*!40014 SET FOREIGN_KEY_CHECKS=@OLD_FOREIGN_KEY_CHECKS */;
/*!40014 SET UNIQUE_CHECKS=@OLD_UNIQUE_CHECKS */;
/*!40101 SET CHARACTER_SET_CLIENT=@OLD_CHARACTER_SET_CLIENT */;
/*!40101 SET CHARACTER_SET_RESULTS=@OLD_CHARACTER_SET_RESULTS */;
/*!40101 SET COLLATION_CONNECTION=@OLD_COLLATION_CONNECTION */;
/*!40111 SET SQL_NOTES=@OLD_SQL_NOTES */;

-- Dump completed on 2020-04-10 22:32:22
